"File_Version,2,,,,,,,,,,,,,,,,,,\n" +
"Elements,9,,,,,,,,,,,,,,,,,,\n" +
"Entries,291,,,,,,,,,,,,,,,,,,\n" +
"WL_Start,201,,,,,,,,,,,,,,,,,,\n" +
"WL_Stop,215.5,,,,,,,,,,,,,,,,,,\n" +
"PLSEntries,9,,,,,,,,,,,,,,,,,,\n" +
"PLSGroups,1,,,,,,,,,,,,,,,,,,\n" +
"SGWidth,13,,,,,,,,,,,,,,,,,,\n" +
"SGDeriv,2,,,,,,,,,,,,,,,,,,\n" +
"PLSDesc, Standard PLS Rank=6 SGWidth=13 SGDeriv=2 WLStart=203.00 WLStop=214.50,,,,,,,,,,,,,,,,,,\n" +
",,,,,,,,,,,,,,,,,,,\n" +
"Spectra_Start,,,,,,,,,,,,,,,,,,,\n" +
"Gas,NH3,NH3,NH3,NH3,NH3,NH3,NH3,NH3,NH3,NH3,NH3,NH3,NH3,NH3,NH3,NH3,NH3,NH3,\n" +
"Start,203,203,203,203,203,203,203,203,203,203,203,203,203,203,203,203,203,203,\n" +
"Stop,214.5,214.5,214.5,214.5,214.5,214.5,214.5,214.5,214.5,214.5,214.5,214.5,214.5,214.5,214.5,214.5,214.5,214.5,\n" +
"PLSGroup,-1,-1,-1,-1,-1,-1,-1,-1,-1,-1,-1,-1,-1,-1,-1,-1,-1,-1,\n" +
"ResultNum,0,0,0,0,0,0,0,0,0,1,-1,-1,-1,-1,-1,-1,-1,-1,\n" +
"Min_Rsquared,0.9,0.9,0.9,0.9,0.9,0.9,0.9,0.9,0.9,0.9,0.9,0.9,0.9,0.9,0.9,0.9,0.9,0.9,\n" +
"Cal_conc,1,1,1,1,1,1,1,1,1,1,1,1,1,1,1,1,1,1,\n" +
"201,0.011336285,0.014666167,0.016269219,0.013807189,0.013798181,0.014096408,0.013851827,0.014107492,0.010064142,0,0,0,0,0,0,0,0,0,\n" +
"201.05,0.011217817,0.014574268,0.016137792,0.013928317,0.013854849,0.013826188,0.013202804,0.015020889,0.013193929,0,0,0,0,0,0,0,0,0,\n" +
"201.1,0.01113849,0.014350731,0.015867727,0.013852139,0.01398373,0.014550485,0.014149798,0.015646939,0.008397414,0,0,0,0,0,0,0,0,0,\n" +
"201.15,0.010996991,0.013982042,0.0154147,0.013632825,0.013792469,0.01456405,0.014502211,0.015178798,0.007657743,0,0,0,0,0,0,0,0,0,\n" +
"201.2,0.010716683,0.013446103,0.014735925,0.013084608,0.012752022,0.013114657,0.013922485,0.012193024,0.013644766,0,0,0,0,0,0,0,0,0,\n" +
"201.25,0.01049812,0.012939447,0.014153336,0.012349081,0.012633079,0.012910807,0.013126347,0.011235595,0.008854189,0,0,0,0,0,0,0,0,0,\n" +
"201.3,0.010171009,0.012318382,0.013465966,0.011742135,0.012360701,0.012556625,0.012739064,0.011296339,0.00772205,0,0,0,0,0,0,0,0,0,\n" +
"201.35,0.009656845,0.011546846,0.012610557,0.011296599,0.01153288,0.011953715,0.012623236,0.012620565,0.012288666,0,0,0,0,0,0,0,0,0,\n" +
"201.4,0.009297868,0.010896391,0.011761402,0.010538662,0.010829153,0.012442394,0.012215708,0.013114289,0.012580092,0,0,0,0,0,0,0,0,0,\n" +
"201.45,0.008889863,0.010252582,0.011002855,0.009914408,0.0102578,0.011630312,0.011089795,0.011947322,0.01066655,0,0,0,0,0,0,0,0,0,\n" +
"201.5,0.008415097,0.009596597,0.010291416,0.009368371,0.009736272,0.00943556,0.009735932,0.009291807,0.006471701,0,0,0,0,0,0,0,0,0,\n" +
"201.55,0.007897856,0.008896417,0.009447254,0.008498542,0.008987635,0.009222852,0.01000948,0.009998,0.006798204,0,0,0,0,0,0,0,0,0,\n" +
"201.6,0.007429091,0.008268743,0.008742073,0.007797079,0.008230116,0.008462651,0.00985824,0.009747922,0.006568385,0,0,0,0,0,0,0,0,0,\n" +
"201.65,0.006991243,0.007694763,0.00813892,0.007231392,0.007494886,0.007183804,0.008956694,0.008212875,0.00567863,0,0,0,0,0,0,0,0,0,\n" +
"201.7,0.00648734,0.007081752,0.007488498,0.006569706,0.006741775,0.006997875,0.007409467,0.006518179,0.005346941,0,0,0,0,0,0,0,0,0,\n" +
"201.75,0.00604171,0.006568551,0.006903578,0.006128115,0.006068944,0.006286393,0.00628888,0.005417555,0.004070908,0,0,0,0,0,0,0,0,0,\n" +
"201.8,0.00563976,0.006117722,0.006375324,0.005788647,0.005569951,0.005204519,0.005463936,0.004796645,0.002169405,0,0,0,0,0,0,0,0,0,\n" +
"201.85,0.005201861,0.005604964,0.00585955,0.005229891,0.005417337,0.00579533,0.004063076,0.00450012,0.002571077,0,0,0,0,0,0,0,0,0,\n" +
"201.9,0.004824592,0.00515575,0.005408868,0.004792897,0.005157457,0.005558434,0.004214231,0.004691216,0.00266734,0,0,0,0,0,0,0,0,0,\n" +
"201.95,0.004494635,0.004763665,0.00499904,0.004436528,0.004684167,0.004394309,0.005116494,0.005184087,0.002648675,0,0,0,0,0,0,0,0,0,\n" +
"202,0.004163776,0.004389366,0.004553135,0.00391791,0.003935561,0.003628082,0.005189806,0.002220511,0.001971361,0,0,0,0,0,0,0,0,0,\n" +
"202.05,0.003869119,0.004064492,0.004206004,0.003645951,0.003423591,0.003867729,0.004450693,0.000356574,0.002296749,0,0,0,0,0,0,0,0,0,\n" +
"202.1,0.003598251,0.003773078,0.00392477,0.003488002,0.003177026,0.004628186,0.002837906,-0.000299494,0.003355624,0,0,0,0,0,0,0,0,0,\n" +
"202.15,0.00331222,0.00347628,0.003632044,0.003267089,0.003192819,0.002899192,0.003717119,0.001318781,0.002990325,0,0,0,0,0,0,0,0,0,\n" +
"202.2,0.003053447,0.003222796,0.003358948,0.002955945,0.0028699,0.00277483,0.003397447,0.001855553,0.00386487,0,0,0,0,0,0,0,0,0,\n" +
"202.25,0.002840445,0.003010515,0.003118293,0.002653018,0.002375862,0.003229343,0.002593155,0.002075153,0.005160932,0,0,0,0,0,0,0,0,0,\n" +
"202.3,0.002686701,0.002832308,0.002920108,0.002511617,0.002553159,0.002926271,0.003025565,0.003810873,0.001609692,0,0,0,0,0,0,0,0,0,\n" +
"202.35,0.002515087,0.00262118,0.002740926,0.002185169,0.002281174,0.002497351,0.001902205,0.003434468,0.002350015,0,0,0,0,0,0,0,0,0,\n" +
"202.4,0.002346373,0.002425854,0.002577616,0.001915949,0.00182636,0.002255351,0.000164074,0.0024178,0.004397651,0,0,0,0,0,0,0,0,0,\n" +
"202.45,0.002219783,0.002315084,0.002427911,0.00203676,0.002153344,0.002725051,0.002549687,0.003625765,0.001404142,0,0,0,0,0,0,0,0,0,\n" +
"202.5,0.002088964,0.002193316,0.002271886,0.001947611,0.002173926,0.00258244,0.003356046,0.00321448,0.000909624,0,0,0,0,0,0,0,0,0,\n" +
"202.55,0.001971485,0.002071237,0.002137264,0.001739962,0.002035098,0.001863033,0.003597956,0.002325605,0.00137776,0,0,0,0,0,0,0,0,0,\n" +
"202.6,0.001892972,0.001972242,0.002057272,0.00170094,0.001898432,0.001119402,0.003896387,0.004337678,0.002980941,0,0,0,0,0,0,0,0,0,\n" +
"202.65,0.001801234,0.001888647,0.00195646,0.001703053,0.001621331,0.001419378,0.003211326,0.002374998,0.002319101,0,0,0,0,0,0,0,0,0,\n" +
"202.7,0.001709828,0.001811878,0.00186245,0.0017044,0.001403744,0.002039008,0.001443871,-0.001052191,0.000955237,0,0,0,0,0,0,0,0,0,\n" +
"202.75,0.00164453,0.001729669,0.001818127,0.001527097,0.001414903,0.001782566,0.000448651,0.002706588,0.00273471,0,0,0,0,0,0,0,0,0,\n" +
"202.8,0.001577446,0.001647539,0.001726918,0.001374033,0.001518347,0.001448755,0.000409132,0.003055367,0.002762822,0,0,0,0,0,0,0,0,0,\n" +
"202.85,0.001522001,0.001583852,0.001634514,0.001307641,0.001633329,0.001267935,0.000529912,0.001576129,0.002362107,0,0,0,0,0,0,0,0,0,\n" +
"202.9,0.001492894,0.001552091,0.001609721,0.001315063,0.001266599,0.001561727,0.000257974,-0.000999513,0.004056737,0,0,0,0,0,0,0,0,0,\n" +
"202.95,0.001457569,0.001526598,0.001603942,0.0013592,0.001318513,0.001356241,0.000293096,-0.000431499,0.002934216,0,0,0,0,0,0,0,0,0,\n" +
"203,0.001426156,0.001507093,0.001595653,0.001396827,0.00150411,0.000967263,0.000752109,0.001005327,0.000782198,337.6418572,203.0110714,-545.2463517,343.7798503,-130.6868624,15.55870339,-95.15341919,-8.068866059,-0.384201653,\n" +
"203.05,0.001411529,0.001494528,0.001514818,0.001146268,0.001389497,0.001262341,0.002124311,-0.000324002,0.002178068,849.9963006,-3292.700659,2296.009526,616.2973316,-274.276979,-14.7336327,-149.5223393,-8.371291314,-6.395049745,\n" +
"203.1,0.001396892,0.001470541,0.00151348,0.001094146,0.001129436,0.00141193,0.002113165,0.000597122,0.001348772,1072.848912,-3416.398461,2197.58044,450.7492792,-144.8104755,34.05907072,-118.9056317,-12.55355784,1.599020667,\n" +
"203.15,0.00139029,0.001456297,0.001517682,0.0010948,0.000960999,0.001450947,0.001747215,0.001599551,0.000621577,1587.990411,-3674.637924,1975.980719,91.9449074,120.7945217,167.145089,-89.67305953,-29.36829515,23.51072218,\n" +
"203.2,0.0013938,0.00145824,0.001518194,0.001283069,0.001016813,0.00125684,0.000345089,0.001550129,0.003656497,1779.613951,-4719.035436,2825.109136,173.4739965,58.6804476,192.1188367,-152.4607674,-39.15034784,27.43123338,\n" +
"203.25,0.001403827,0.00146631,0.001519313,0.001234447,0.001143435,0.001547867,0.000675262,-3.53E-05,0.002614476,696.5318074,-2389.031462,1596.991699,218.5660418,-52.98437355,24.86876569,-54.69012014,-6.862425686,1.890077799,\n" +
"203.3,0.001419374,0.00148527,0.001525101,0.001182065,0.001207947,0.001841461,0.001271535,-0.001510129,0.000449429,-929.6230303,2935.178115,-1915.598547,-29.94948772,-60.4910702,-167.4911904,128.9843505,35.3531468,-25.46857112,\n" +
"203.35,0.001434538,0.001523252,0.0015806,0.001326068,0.000909447,0.001688574,0.001473919,-0.000574645,-0.000952491,-1893.143635,9191.992784,-6769.164366,-955.0908888,316.0300617,-92.25941948,276.3164669,32.80814472,-7.115455096,\n" +
"203.4,0.001463915,0.001538466,0.001598599,0.001387146,0.001047149,0.001887958,0.001854699,-0.000400744,0.001052112,-1231.759841,4589.684638,-3053.6299,-210.8374481,-80.40696288,-152.3505214,98.17349869,27.34565105,-20.3550601,\n" +
"203.45,0.001498318,0.001553952,0.001613333,0.001404068,0.001351533,0.002063609,0.001988269,-0.00037192,0.002998183,-443.3671451,-96.18098861,591.9313731,575.4297793,-463.0760132,-173.6453552,-110.1736446,14.42049825,-28.24255188,\n" +
"203.5,0.001523938,0.001595435,0.001645197,0.001357823,0.001602538,0.001529744,0.000525746,-0.000459266,0.000403982,116.9969225,-688.7217819,595.1686358,261.1845307,-179.1625232,-7.649883544,-102.0707326,-8.133215725,-1.964283408,\n" +
"203.55,0.001557504,0.001632437,0.001679862,0.0013093,0.001286032,0.001567266,0.000914791,0.001153732,-0.002724586,783.2338851,-2207.133049,1526.393113,-449.6148732,245.0339498,207.9632062,-58.72672416,-38.47835052,35.6574626,\n" +
"203.6,0.001598544,0.00167382,0.001719661,0.001289554,0.000971107,0.001731997,0.001737795,0.002693487,-0.004029021,1434.145631,-5504.643049,4057.009166,-564.2611892,361.8533443,296.8618715,-73.61048337,-53.16664265,49.86941005,\n" +
"203.65,0.001647726,0.001731891,0.001767808,0.001372217,0.001182838,0.001933034,0.002237564,0.001200847,0.000819618,1566.929942,-7461.396019,5525.503365,-131.1172491,287.9499793,172.4275487,11.38845279,-22.1952991,25.38245432,\n" +
"203.7,0.001692258,0.001794417,0.001847394,0.001498178,0.00112688,0.00155147,0.001074232,0.000314162,0.001291009,2589.089092,-9289.17536,6401.453945,-265.3433763,395.4757471,255.069554,-4.531486338,-35.93590368,38.69863671,\n" +
"203.75,0.001747949,0.001861988,0.001926392,0.001557274,0.001169183,0.001442169,0.000614006,0.000331134,0.000884666,3065.539815,-9589.597827,6456.829964,-343.0721011,334.3970798,274.4831715,-63.16508919,-46.77136441,43.76128749,\n" +
"203.8,0.001829167,0.001936666,0.001988032,0.001565195,0.001615992,0.002277817,0.002196995,0.001568788,-0.001358624,1908.995375,-6537.498843,4561.84049,-4.913776608,85.98320649,56.14123654,2.326041721,-7.906314339,8.061496295,\n" +
"203.85,0.001920979,0.002054691,0.002142729,0.001598608,0.001604594,0.002584922,0.001410872,-0.000445353,-0.000248934,1466.280573,-6709.808327,5138.852915,258.277999,-120.781302,-117.6036781,50.77462044,21.61558394,-19.87955936,\n" +
"203.9,0.002038752,0.002194036,0.002318822,0.001727337,0.001661163,0.002538768,0.001309594,-0.001642358,0.001727139,1478.286814,-8166.805435,6572.023433,341.8886877,-213.5716175,-171.2219351,48.68124428,28.09585122,-27.90979452,\n" +
"203.95,0.002197105,0.002336776,0.00245766,0.002046386,0.002068739,0.001966985,0.003687995,-0.000619852,0.003125092,490.608488,-5356.376638,4688.932199,395.7480284,-201.236225,-201.7106044,85.64046827,37.79210685,-33.8319464,\n" +
"204,0.00240372,0.002549823,0.002688035,0.00205851,0.00186356,0.002591652,0.0023243,0.000108977,0.002937728,-743.1876121,-339.493848,1080.03585,687.1597322,-442.6225626,-254.9925516,-13.63915439,37.30271546,-42.93253072,\n" +
"204.05,0.002655644,0.002829692,0.002996879,0.002137297,0.001835863,0.002926971,0.001786606,0.001014795,0.003158538,-1507.509151,5688.034276,-3673.539447,183.3527516,-319.4806842,-135.5153157,-66.58857157,11.1513487,-19.4194642,\n" +
"204.1,0.002949699,0.003172713,0.003373249,0.002649037,0.002575355,0.002465578,0.003991528,0.002211711,0.005106728,-1166.515377,6735.897525,-4654.701777,-582.8435629,-12.87664849,85.67670548,-105.4687625,-30.31526122,21.47045637,\n" +
"204.15,0.003354047,0.003620199,0.003900258,0.002910413,0.002927291,0.003271205,0.003719845,0.00160952,0.002145136,-1299.291473,6048.940396,-3871.473571,-522.4395376,-49.74210145,148.1290673,-190.7279573,-47.45171736,31.30895068,\n" +
"204.2,0.003844707,0.004177996,0.004534724,0.003265886,0.003331937,0.003805075,0.003844655,0.001859325,0.000553408,-2180.851768,7923.280734,-5224.497198,-33.65226375,-134.6058624,72.34422482,-164.4068591,-27.32213413,13.7070777,\n" +
"204.25,0.004400959,0.004849609,0.005233621,0.003980402,0.004007082,0.003779024,0.005781564,0.005325162,0.00337816,-3276.20421,11508.93653,-8236.916223,766.0860716,-273.63149,-67.36667999,-106.0764656,9.639661637,-17.77948042,\n" +
"204.3,0.005156085,0.005720891,0.006113164,0.004596654,0.004510137,0.004538599,0.005721142,0.005235504,0.006558811,-4351.22357,14740.73548,-10699.14234,1009.501153,-269.2772971,-94.8845335,-75.81297041,21.41078727,-25.82875452,\n" +
"204.35,0.006081721,0.006778541,0.007220011,0.005258195,0.005125219,0.005468085,0.005307279,0.004355791,0.008025953,-4636.682558,14734.61087,-10805.22399,772.7644929,49.82383458,-70.52386705,98.20906642,36.95353819,-23.64689185,\n" +
"204.4,0.007082204,0.00793763,0.008505229,0.006044893,0.006043975,0.005935998,0.004862975,0.003137866,0.008261547,-3131.523414,8298.747156,-6387.586732,315.4743579,568.6901524,73.94854654,279.3698765,34.61681087,-1.992249896,\n" +
"204.45,0.007889357,0.008920774,0.009548385,0.006978455,0.007055667,0.006874202,0.006598285,0.005422167,0.007198962,-754.2663641,-3529.686778,2730.605183,111.7039783,695.3935214,194.418284,244.7855383,9.812437611,19.04435269,\n" +
"204.5,0.008600134,0.009789688,0.010454238,0.00801769,0.007955268,0.008045807,0.0075247,0.007201609,0.006375947,569.5856351,-10041.54008,7873.327498,34.96800439,618.454274,171.2393723,224.3892742,6.522021062,18.18163444,\n" +
"204.55,0.00916098,0.010482635,0.011166285,0.009001877,0.008678682,0.00917686,0.007621475,0.007885329,0.006138438,363.0460881,-6647.133851,5107.518293,-187.9697699,516.5059954,62.17941129,265.828361,21.56024109,5.097460441,\n" +
"204.6,0.009337554,0.010766501,0.011439006,0.009377204,0.009301485,0.009507244,0.008746421,0.010047696,0.006186391,600.8726132,-2173.568544,1269.737136,-431.434841,230.3753069,-10.43838008,153.2935547,13.17664866,0.761124936,\n" +
"204.65,0.009478367,0.010947615,0.011638397,0.009645068,0.009773584,0.010024508,0.009624035,0.010551219,0.006903713,1644.82427,-1395.530496,188.6598662,-568.138333,-47.07842925,-43.11142534,9.688494626,-3.025860383,1.465862072,\n" +
"204.7,0.009597192,0.011074843,0.011809916,0.009854717,0.010057256,0.010802475,0.009979326,0.009299694,0.010323038,3684.59409,-4994.104038,2081.136418,-577.9992605,-129.9449008,37.74179585,-121.8215572,-29.59549959,15.7445399,\n" +
"204.75,0.009618938,0.011169087,0.011972529,0.009959177,0.009915107,0.010816302,0.010398265,0.009108221,0.012831589,4217.285896,-2593.712965,-587.3083871,-636.7937102,-98.40530468,30.52228908,-97.37873583,-25.52211256,14.41943572,\n" +
"204.8,0.00962136,0.011189474,0.012007846,0.010025477,0.009970936,0.010634312,0.010466193,0.009085299,0.013314719,4563.481846,-1311.515648,-2215.215107,41.55224347,-401.0790916,-69.89460225,-181.2454734,-13.40672639,-6.569242369,\n" +
"204.85,0.009604861,0.011157435,0.011929717,0.010063476,0.010462799,0.009889295,0.010141899,0.009218202,0.011753888,4484.200246,-965.2434097,-2695.603595,913.95201,-768.275431,-202.9514225,-270.0174303,4.349691809,-34.19730029,\n" +
"204.9,0.009426727,0.010938836,0.011667551,0.009861216,0.010087517,0.01002661,0.009831946,0.011564659,0.006718964,3141.86066,2877.766712,-5306.327636,561.7803016,-497.4975311,-245.4751977,-62.71158301,30.75916842,-40.50565242,\n" +
"204.95,0.009137422,0.010568551,0.011257581,0.009584995,0.009709297,0.01021416,0.009554304,0.012250254,0.005773553,2502.260862,3221.550443,-5049.470906,-251.2686466,-26.04155315,-122.6202519,102.1034862,24.77839585,-16.87230996,\n" +
"205,0.008768247,0.010054804,0.010705762,0.009302181,0.009476119,0.010347952,0.009285398,0.010220729,0.009777432,1805.820962,1491.32127,-2658.858376,-945.954035,290.2800354,32.88657383,139.1142166,-0.012150338,13.09420285,\n" +
"205.05,0.008309273,0.009420958,0.01001762,0.008621568,0.009026268,0.009487214,0.008372359,0.009006908,0.007658438,673.9124604,-2425.633066,1878.313249,-520.8114957,118.3844647,47.87197221,23.2401684,-11.46754525,13.16576479,\n" +
"205.1,0.007871771,0.008825203,0.009379325,0.008116174,0.00853385,0.008154238,0.007250696,0.007857115,0.005708396,-898.6172249,-1578.817156,2317.570258,-171.0221449,-25.37617597,54.97566652,-71.58830253,-18.90186921,12.03042311,\n" +
"205.15,0.007442575,0.008256089,0.008772336,0.007736986,0.008015728,0.007068059,0.006447018,0.007069146,0.004269172,-3284.924766,4827.010601,-1591.440188,-288.2151178,-59.32523188,16.07410769,-59.47214621,-13.32415809,7.794833907,\n" +
"205.2,0.006891517,0.007567677,0.008013043,0.007178227,0.007370893,0.007020027,0.007522409,0.008873652,0.002394148,-4566.465427,6421.401685,-1984.721725,-173.6086183,-154.7641899,-8.844107164,-94.29424373,-12.97968614,3.886550497,\n" +
"205.25,0.006396728,0.006970654,0.007352185,0.006469411,0.006847294,0.00643189,0.007612,0.008116047,0.002772065,-4582.254102,4745.355558,-445.4233615,-298.5200854,-13.94025446,70.82470435,-86.039079,-23.47974272,16.35529911,\n" +
"205.3,0.005948244,0.006441209,0.006773457,0.005804256,0.006386607,0.005294025,0.006878574,0.005515221,0.004789183,-4046.335536,2923.321683,746.5851815,-445.4508654,158.2858145,122.3727968,-29.77009073,-24.95567581,24.00871778,\n" +
"205.35,0.005443756,0.005844601,0.006158752,0.005597139,0.005651111,0.006070636,0.005645796,0.006106786,0.005950231,-3854.445508,4155.945153,-550.3707394,-279.0839249,44.50399431,42.79939374,-20.39870608,-11.67439374,10.56914091,\n" +
"205.4,0.005009675,0.005343815,0.005618712,0.005207524,0.005348382,0.005626438,0.004136934,0.00587496,0.005089624,-3292.271307,2493.181863,471.1827674,362.6845138,-288.0382588,-127.5450632,-50.11963273,13.4489198,-20.21745067,\n" +
"205.45,0.004622039,0.004908254,0.005135332,0.004592618,0.005186818,0.004251863,0.003019884,0.004499595,0.002875272,-2533.788964,-318.5735794,2397.344263,869.5419066,-528.186953,-282.1505981,-37.92392926,39.59399686,-47.96423137,\n" +
"205.5,0.004184534,0.004427887,0.004644846,0.004165456,0.004054627,0.005005951,0.003608668,0.002756593,0.004599263,-2435.544781,2387.75983,-264.5038871,465.450721,-260.0196955,-298.9164447,141.8065264,58.86051258,-49.65342528,\n" +
"205.55,0.003776339,0.003993415,0.004196325,0.003763276,0.003625769,0.004668653,0.003989747,0.002995351,0.004676178,-1851.633816,3176.19703,-1439.082381,119.5767582,-74.92316626,-250.4912027,205.3123331,56.45880392,-40.310223,\n" +
"205.6,0.003428626,0.003627235,0.003799158,0.003425741,0.003526506,0.003768055,0.004006479,0.003822847,0.003417766,-788.0767268,709.0373092,-23.58464686,281.4998127,-135.7162954,-215.9382551,135.3713795,45.76572025,-36.05883722,\n" +
"205.65,0.003162771,0.003339838,0.003452811,0.003215713,0.00347882,0.003697324,0.002333498,0.003595155,0.001530737,549.2126586,-2621.554785,1890.029729,545.3214812,-179.887705,-81.41952848,-23.74701268,14.0271145,-17.52027154,\n" +
"205.7,0.002884088,0.003040128,0.003155681,0.002902909,0.00307692,0.003153793,0.002025072,0.002290485,0.002678885,761.5421854,-1616.406973,893.3102652,332.0251273,-134.8204232,-1.93716583,-78.68535483,-4.797968908,-2.784712089,\n" +
"205.75,0.002623976,0.002758872,0.002892811,0.002604179,0.002522893,0.002477638,0.002052389,0.00078224,0.004801272,615.9927405,-529.9254038,157.7892563,2.726140735,-64.75469138,17.22581985,-57.84141785,-9.249569393,3.655887044,\n" +
"205.8,0.00243319,0.002546545,0.002642935,0.002493015,0.002491812,0.002516022,0.002044361,0.001551614,0.002815589,745.0641326,-2201.306044,1680.051774,-305.3569403,75.15839097,37.78809927,8.003075371,-8.754528001,9.230636778,\n" +
"205.85,0.002236051,0.00232827,0.002414592,0.002329586,0.002193274,0.002455138,0.002070266,0.003631767,0.002694109,825.3594787,-2770.534836,2143.150389,-665.1314601,298.3706825,98.95210634,83.75097932,-11.94188728,20.53410359,\n" +
"205.9,0.002048646,0.002130567,0.002214881,0.002105559,0.001791133,0.002248209,0.002081327,0.005290179,0.00303124,790.6580268,-1429.633829,860.6914777,-845.108553,447.8742,173.0252227,100.0603002,-20.51184974,32.30392113,\n" +
"205.95,0.001900388,0.001993416,0.002051545,0.001852195,0.001781062,0.00204949,0.001380192,0.001312475,0.001239195,-21.74928834,3393.747722,-3070.214145,-733.532812,412.3875673,145.9178005,102.2565489,-13.82315171,26.51954368,\n" +
"206,0.00174907,0.001839961,0.001885044,0.001694261,0.001682864,0.001982868,0.000683667,0.001188487,-0.001611964,360.1118993,896.8731833,-1139.711492,-122.4614439,112.360437,63.23721176,4.71542954,-7.957161087,9.789116765,\n" +
"206.05,0.001603275,0.00168318,0.00173126,0.001550759,0.001493808,0.001877282,0.00038118,0.002131631,-0.003482624,1465.443059,-4680.923148,3047.750623,618.7397952,-219.9830739,14.55316953,-143.9622517,-11.20479917,-2.597056044,\n" +
"206.1,0.001478692,0.001552285,0.001614156,0.001269643,0.001421848,0.000849099,0.001004624,0.000715224,-0.002465198,1992.634528,-6192.484674,3874.257577,415.9762101,35.07441224,94.85730813,-65.46466439,-13.82883558,9.058690515,\n" +
"206.15,0.001382167,0.001444654,0.001509964,0.001203323,0.001223234,0.00118837,0.001179354,-0.001569104,-0.001080302,2158.302262,-6980.806216,4494.188883,184.7265066,170.3133001,153.335041,-41.02596217,-21.21926887,19.53874153,\n" +
"206.2,0.001295649,0.001353073,0.001402551,0.00116364,0.001032895,0.001565351,0.001329387,-0.002568727,6.50E-05,1822.163339,-5663.332022,3668.29766,-41.10112864,204.0928672,186.8831827,-56.79898933,-30.23144686,27.42227012,\n" +
"206.25,0.00120714,0.001275,0.001271824,0.001107107,0.000971537,0.001053425,0.001731262,0.002601751,0.000591852,1449.064914,-4406.512778,2747.493921,111.9880527,136.0585992,144.9970111,-56.80517236,-22.73485943,19.60643606,\n" +
"206.3,0.00112851,0.001179867,0.001188677,0.001047631,0.000861429,0.00059191,0.000637982,0.000880449,0.000159949,541.6394099,-883.4274369,202.2739942,190.1640808,48.81980937,42.15155811,-9.645487013,-2.984656081,3.255303862,\n" +
"206.35,0.001058168,0.0010917,0.001130996,0.000986375,0.000807336,0.000423788,-0.000378622,-0.001305031,-0.000625302,-70.05554035,1129.517939,-1035.055231,-2.366225884,35.01585092,-23.47627561,44.83104142,8.683158132,-4.402424144,\n" +
"206.4,0.000995613,0.00102937,0.001090666,0.000925624,0.000961738,0.001121712,0.001203969,-0.001436358,-0.00111279,-105.1755386,439.7791307,-157.4489078,-233.7781214,21.84134159,-44.24590598,56.10543466,8.389643522,-4.150513691,\n" +
"206.45,0.000945807,0.000992158,0.00104664,0.000780224,0.000851464,0.001382808,0.000590853,-0.000372471,-0.001178322,-499.3282988,1701.418666,-1099.205442,275.0597691,-240.5569494,-131.4625114,-17.10128192,17.37786286,-21.0856896,\n" +
"206.5,0.000903264,0.0009545,0.000997854,0.000702257,0.000738477,0.001405622,-4.05E-05,0.000577939,-0.001073047,-1497.748416,6013.962652,-4433.41982,776.1924223,-495.4175956,-263.8069282,-42.40133208,38.32460077,-45.49224595,\n" +
"206.55,0.000865245,0.000890106,0.000941281,0.000970201,0.000849345,0.000538952,0.001248952,-0.001309661,0.000818154,-1911.936173,9155.63944,-6962.377122,443.4218468,-361.4220407,-237.5484777,9.756039841,37.71401086,-39.10545962,\n" +
"206.6,0.000828412,0.000857661,0.000871854,0.000855227,0.000829044,0.000506213,0.00110252,-0.000404395,0.000489062,208.5150795,1697.376751,-1695.75518,172.8989188,-144.9757367,20.39977355,-111.8147592,-12.96583518,2.828779786,\n" +
"206.65,0.000794291,0.000829905,0.000848221,0.000657372,0.000729665,0.000559021,0.000572344,0.000615922,-0.000239284,1835.157852,-4646.363914,2899.211857,-171.6670292,129.1011168,238.2229544,-157.9951891,-50.53451694,38.47177757,\n" +
"206.7,0.000763735,0.000798857,0.00084877,0.000531113,0.000499255,0.00062646,-5.55E-05,0.000909741,-0.00076582,912.3172389,-2137.902859,1251.615894,-243.4022204,187.4782759,145.9687406,-30.41977751,-24.55977091,23.74935371,\n" +
"206.75,0.000740568,0.000781911,0.000808199,0.000734823,0.000312752,0.000439627,6.84E-06,0.002327247,-0.000101963,262.5871985,571.6161714,-624.9863085,-693.4538806,350.803131,154.7357122,57.2804237,-20.85859314,28.65777237,\n" +
"206.8,0.000730319,0.000767531,0.000768176,0.000824961,0.000307259,0.000364373,5.46E-05,0.002640925,0.000175311,-108.5921981,2400.251813,-1978.740189,-1097.738176,545.2943014,160.0993705,169.1238286,-13.20472324,31.93310979,\n" +
"206.85,0.000727196,0.000751725,0.000757008,0.000591653,0.000563154,0.000754016,-3.75E-05,0.000584828,-0.000684991,-780.8084194,4366.869779,-3442.072662,-632.6956302,360.2519024,-20.64269391,238.3479027,23.77430548,-0.547080723,\n" +
"206.9,0.000709913,0.000729737,0.000762041,0.000577733,0.000500847,0.001569192,-0.000222114,0.000843289,0.001231695,-920.7682009,5566.74988,-4395.210802,-732.4799616,377.3357648,13.86407674,212.2771172,15.41557118,5.947699342,\n" +
"206.95,0.000698559,0.000723936,0.000758989,0.000602264,0.000330849,0.001691886,-0.000268691,0.001360708,0.001843071,-264.0507357,1918.675629,-1526.24127,-402.5867193,204.3536923,34.52516657,88.43560856,1.529435695,7.702036648,\n" +
"207,0.000696807,0.000735764,0.000725324,0.000729304,0.000140618,0.000505311,-4.73E-06,0.001677828,-0.001552704,22.32388825,-1408.60933,1217.376949,602.655385,-301.3429594,-99.47867977,-82.27414654,9.828503179,-19.31788417,\n" +
"207.05,0.000698421,0.000738799,0.000739083,0.000519698,0.000347551,0.000594626,0.000458971,0.002753715,0.001846453,27.61481073,-1152.215957,826.420294,853.6497604,-347.0810232,-115.7799667,-92.52421297,14.5134605,-24.74717844,\n" +
"207.1,0.000705175,0.000743435,0.000745372,0.000410747,0.000447105,0.000675549,0.000976572,0.002447518,0.003308636,757.270894,-2386.165227,1408.995429,346.2196047,-33.2381308,43.88609486,-60.40297539,-7.603978252,2.797496941,\n" +
"207.15,0.000718718,0.000754366,0.000729948,0.000570205,0.000283861,0.000571331,0.001311419,-0.000845805,-0.000178453,1985.914177,-6877.575579,4710.897679,-54.86778219,175.8730719,221.5528325,-108.7830351,-41.33004639,33.71154677,\n" +
"207.2,0.00072202,0.000757659,0.00074439,0.00062455,0.000658557,0.000509628,0.000320678,-0.000179198,0.002113305,2695.941574,-9914.90854,6949.383932,-233.1950755,323.3511402,290.6340129,-85.1221003,-49.81802274,45.11299573,\n" +
"207.25,0.000727772,0.000766711,0.000761736,0.000691817,0.000755875,0.00043756,-0.000133185,0.00066088,0.003504204,1957.645512,-7831.516678,5602.103924,-35.01353786,174.3874172,136.7022301,-22.80991364,-21.01108492,20.07671134,\n" +
"207.3,0.00074144,0.000788582,0.000773762,0.000769907,0.000448066,0.00036613,-8.56E-05,0.001199701,0.003708464,152.5497827,-2120.438376,1774.551733,424.5185214,-198.4347673,-155.8357979,38.50905747,28.34774771,-27.37573358,\n" +
"207.35,0.000754705,0.000791271,0.000778784,0.00068265,0.000701369,0.001037901,0.000641287,0.000214344,0.001254459,175.7570431,-1430.374287,1419.06136,-245.8836837,-16.36823911,-72.07420569,61.66176778,11.37319733,-7.624739112,\n" +
"207.4,0.000768132,0.000800596,0.000796,0.000664078,0.000796636,0.00128021,0.000779187,-0.000992887,-0.000371749,-301.864117,480.5444595,148.2571858,-305.2937211,-89.37415399,-122.7697835,65.01904788,17.0415659,-13.85033563,\n" +
"207.45,0.000782497,0.000827571,0.000842275,0.000752303,0.000707761,0.001002682,3.39E-05,-0.001738049,-0.000691024,-1408.670804,4009.402213,-2387.040122,279.6598524,-379.0021666,-312.7886629,77.68659263,50.24920842,-47.92701817,\n" +
"207.5,0.000806548,0.000831194,0.000847942,0.000735049,0.000869269,0.001408138,0.001264094,-0.001020598,-0.000350908,-448.7881595,1163.249558,-587.2522231,341.5589551,-319.686106,-149.494031,-47.58364972,16.39217041,-23.57286405,\n" +
"207.55,0.000832045,0.000846642,0.000862366,0.000762348,0.000865611,0.001435509,0.001506046,-0.000523096,-3.12E-05,57.72126336,-773.9849362,744.5995423,566.0387007,-384.0256265,-86.66891524,-148.1341511,-0.319332882,-15.54802472,\n" +
"207.6,0.000859429,0.000887036,0.000897443,0.000830543,0.000771423,0.00110142,0.001183569,-0.000328419,0.000136668,-256.0370125,120.5296965,139.5769307,731.54038,-469.207285,-112.0581042,-175.2231546,1.974867652,-20.59817955,\n" +
"207.65,0.000897553,0.000926482,0.000954777,0.000640691,0.00106187,0.000103773,-0.000585641,-0.000395454,-0.000442604,-37.5002607,430.6484142,-440.9842885,454.0002724,-199.0164713,9.400000502,-131.0175974,-10.21069997,-1.745028416,\n" +
"207.7,0.00094348,0.000977009,0.001008254,0.000646719,0.000945757,0.000211856,-4.60E-05,0.001236353,-0.00017435,267.8270314,94.28150346,-376.8078716,140.3469587,15.36410947,121.7319393,-112.4719173,-25.45639211,17.11579744,\n" +
"207.75,0.000999799,0.001041114,0.001061826,0.000800195,0.000539728,0.001079982,0.001972041,0.004797675,0.000714678,714.5537247,-874.3216617,314.1283453,-531.9430518,342.7902627,260.8325353,-52.60741008,-44.43825437,43.52659057,\n" +
"207.8,0.001080105,0.001117609,0.001159768,0.000867201,0.000868337,0.001454308,0.000749869,-0.000354595,-0.001079672,1043.120407,-1273.619682,430.5685249,-980.6346153,627.5157396,326.4035665,56.37877737,-45.18402285,55.7123802,\n" +
"207.85,0.001172423,0.001220132,0.001278572,0.000937688,0.000976187,0.001322718,0.000469407,-0.001453967,-0.001199435,1285.248886,-2507.049975,1424.502836,-703.0764001,447.3306207,248.4432445,25.43377145,-36.35282567,42.37244435,\n" +
"207.9,0.001283105,0.001359214,0.001420547,0.00103836,0.000988426,0.000932015,0.000586546,-0.001076649,9.01E-05,1498.814727,-3576.394252,2450.93465,-459.8086604,170.561816,136.4779821,-32.27854152,-27.65738172,25.61511464,\n" +
"207.95,0.001453686,0.001554089,0.001612511,0.001427059,0.000989339,0.001465096,0.001361212,-0.00239492,0.002042385,1693.98739,-4757.832652,3664.658141,-586.8374502,74.34854801,56.39058614,-11.8839737,-18.62778322,16.28464004,\n" +
"208,0.001684124,0.001815847,0.001890037,0.0014807,0.001122148,0.002039955,0.001744879,-0.001947871,0.00365297,1512.175278,-3138.654229,2344.687291,-755.6303402,151.5260573,-49.77578902,141.319264,10.48177728,0.331740472,\n" +
"208.05,0.001976646,0.002148515,0.002260129,0.001458919,0.001552905,0.002427729,0.001810885,-0.000202893,0.00418616,1654.58145,-720.1410958,-278.9674187,-606.3855153,240.6938409,-105.6390601,253.2035412,34.34011742,-12.46854181,\n" +
"208.1,0.00231221,0.002529867,0.00267506,0.00194093,0.002020515,0.002634736,0.001449285,0.000445762,0.001393707,2719.284968,-1810.659841,-681.1323352,348.3678666,70.57622043,-45.30608026,94.27751705,22.87602551,-13.69360543,\n" +
"208.15,0.002828081,0.003100573,0.003289879,0.00239475,0.002442365,0.002746537,0.001529767,0.00147576,0.003397935,2169.780739,-820.0196098,-1716.902232,1359.332268,-208.8242381,-147.4950953,30.26866238,42.73034803,-39.72733111,\n" +
"208.2,0.003544825,0.003889122,0.00413585,0.002847779,0.00290904,0.002870169,0.002124398,0.002182496,0.007203195,878.8012137,1915.418799,-3738.366559,2067.058372,-374.3526457,-231.3141449,15.27793805,62.28815094,-60.44030341,\n" +
"208.25,0.004336188,0.004791159,0.005111161,0.003462377,0.003680975,0.003382756,0.003132592,0.001913506,0.004757879,16.45348527,6745.410838,-7628.157981,1358.989966,14.84822935,24.09120177,-8.725133795,20.96780303,-16.47450965,\n" +
"208.3,0.00526438,0.005798776,0.006174615,0.004208533,0.00447846,0.004393748,0.004765006,0.003426718,0.00364663,-827.7695786,8541.308074,-8200.104831,202.6102567,340.5353932,227.5042104,-21.44645984,-21.60414468,26.94245411,\n" +
"208.35,0.00601042,0.006566834,0.006951944,0.005048469,0.005163339,0.005730448,0.006055527,0.005790221,0.00329792,-1699.745796,7218.208632,-5657.198608,-550.9242537,326.2155367,251.1656303,-59.79069358,-42.15899133,41.93729807,\n" +
"208.4,0.006319118,0.006863045,0.007223638,0.00590226,0.00563696,0.006679049,0.00621998,0.005006322,0.003170358,-2951.885688,8245.569073,-5306.629841,-626.9142975,145.2902098,115.1591931,-37.14405497,-25.44779176,24.41847895,\n" +
"208.45,0.00615655,0.006668238,0.007025274,0.005925162,0.005565574,0.006531852,0.006574846,0.007016605,0.005214716,-3398.019765,5417.165449,-2021.851111,-469.3013341,-121.6869652,-35.1559901,-48.95966642,-8.96352782,3.045753271,\n" +
"208.5,0.005849944,0.006297325,0.006622419,0.005841463,0.005493629,0.006353154,0.006676836,0.008862365,0.007148734,-3338.633255,1856.00639,1533.035457,-389.9527756,-312.9791253,-154.0712472,-45.14906148,4.634516664,-13.46068877,\n" +
"208.55,0.005651545,0.006042846,0.006295809,0.005390383,0.005809347,0.006514078,0.004702308,0.005437412,0.005303408,-2543.267523,-1838.853171,4401.942419,-700.1906405,-99.06958939,-115.3027432,50.36931482,6.267817264,-6.006000154,\n" +
"208.6,0.005733695,0.00614652,0.006424841,0.005273696,0.005652777,0.006175162,0.004222942,0.005488689,0.005260825,-1617.496453,-3880.666922,5291.435344,-306.2411096,-101.7518505,-152.0244077,90.89596022,21.42697192,-17.30111505,\n" +
"208.65,0.005978149,0.006442444,0.006764527,0.005274605,0.005525056,0.005833815,0.004215,0.005794572,0.005484749,-1148.477317,-4318.53428,4758.207176,904.8732984,-431.4631137,-282.7632643,26.90880141,47.48167489,-49.95635531,\n" +
"208.7,0.006383044,0.0068889,0.00718889,0.005812788,0.00630388,0.006012967,0.006018021,0.005835266,0.006001355,-1245.098539,-4025.220235,4075.579904,1949.649434,-749.1629028,-383.9617484,-61.40528902,64.55499403,-75.7162339,\n" +
"208.75,0.006403626,0.006932013,0.007262732,0.00605742,0.006121628,0.00628274,0.006539359,0.005214866,0.006500607,-1192.038027,-3870.652342,3769.828241,1940.358698,-704.7245805,-337.3240937,-80.91019111,56.84648982,-68.91808072,\n" +
"208.8,0.006388955,0.006923,0.007263517,0.006125312,0.005911226,0.006600618,0.006646204,0.004615892,0.006617142,-940.4313846,-1465.042046,1462.433434,1242.971483,-421.6072485,-145.7576262,-105.1116684,22.19298192,-33.54162061,\n" +
"208.85,0.006114467,0.00659297,0.006924923,0.005890547,0.006238183,0.006902457,0.006067032,0.005214268,0.00450203,-1039.855475,4001.528169,-2990.522206,-229.7177511,37.74009416,127.8769228,-110.9783211,-30.79581473,22.65885233,\n" +
"208.9,0.005733905,0.006158321,0.006458221,0.005712753,0.005818599,0.006771417,0.005502027,0.007032913,0.003365672,-1778.560261,6833.72484,-4494.765657,-1256.057295,268.5757973,144.4294183,6.092271897,-33.57996953,35.83425564,\n" +
"208.95,0.0053051,0.005688154,0.005951564,0.005461961,0.005215066,0.006278041,0.005107093,0.007633727,0.003163867,-2357.646091,8608.31739,-5338.038351,-1968.124131,474.7249903,113.1113047,159.7724581,-21.64277537,37.47964443,\n" +
"209,0.004887838,0.005243347,0.005481553,0.005009768,0.00486966,0.005290046,0.004871921,0.005943496,0.003752612,-2190.524479,8072.7826,-5039.5062,-1616.483808,354.4039413,23.53995423,178.3333516,-3.789736812,20.23344483,\n" +
"209.05,0.004448612,0.004739294,0.004949963,0.004606728,0.004491072,0.0048834,0.004146113,0.004706544,0.004843683,-1645.195944,3218.837374,-1063.241259,-685.9680465,-80.73154698,-161.9472141,104.7195833,20.85821946,-14.90612102,\n" +
"209.1,0.004057333,0.004294828,0.004471427,0.004208381,0.00407857,0.004634623,0.003476036,0.004206746,0.005742888,-899.0604234,47.3192418,1175.648532,-352.090172,-152.2336309,-195.1782296,98.89373135,28.25105457,-23.49366483,\n" +
"209.15,0.003733371,0.003946949,0.004085417,0.003797814,0.003659708,0.004429807,0.003147392,0.004096313,0.006166438,203.9919877,-2486.303896,2406.088551,-631.2366854,243.1000918,-24.15371303,173.8369496,13.64956758,1.452665554,\n" +
"209.2,0.003356828,0.003554751,0.003675858,0.00329402,0.003582113,0.003977313,0.003415366,0.003957245,0.003722802,240.3999843,-2947.724482,2569.234255,113.9102517,-26.6314581,-102.250266,90.25870598,23.62062369,-17.09670715,\n" +
"209.25,0.002982892,0.003151678,0.003265063,0.00290695,0.00337434,0.003356922,0.003289879,0.0033962,0.00232497,109.5242232,-2891.854198,2496.158952,633.3050845,-246.2614059,-150.8996905,5.969174803,26.7051575,-28.6111698,\n" +
"209.3,0.002648917,0.002770057,0.002876316,0.002662883,0.002621796,0.002690165,0.002046422,0.00199944,0.003127467,551.2757468,-3808.843682,2970.314516,454.4392686,-99.57391021,-25.83300446,-29.30025011,5.209455743,-8.492954251,\n" +
"209.35,0.002382608,0.002476725,0.002570007,0.002306492,0.002251678,0.001856408,0.002046442,0.002706412,0.000248078,989.0464913,-3168.546988,2014.494056,413.3653825,-61.7892386,114.5820812,-148.7203527,-25.86188168,13.64460549,\n" +
"209.4,0.002145339,0.00222094,0.002303622,0.002056853,0.002039457,0.001736252,0.002356004,0.002595849,-0.000444107,1098.418741,-891.1527142,-156.6997055,170.9665305,52.73766168,239.5242439,-207.3104785,-50.22131672,34.77761203,\n" +
"209.45,0.001929198,0.001993401,0.002068169,0.001908853,0.001906895,0.002257804,0.0036077,0.000825376,0.002146396,1175.340371,897.8131751,-1830.70913,-303.4543543,297.9933035,355.8483196,-176.5800381,-66.22151934,55.79265667,\n" +
"209.5,0.001741985,0.001805314,0.001866034,0.001677793,0.001617674,0.001954227,0.002253172,0.003468856,0.001810198,1094.712974,-525.1605303,-415.1260782,-85.54985205,139.8153793,238.574466,-154.1716317,-47.37286957,36.78425143,\n" +
"209.55,0.00155728,0.001617169,0.001675622,0.001481302,0.001547218,0.001589754,0.001627046,0.004250275,0.000990967,1244.533652,-2787.39641,1570.213599,457.2390022,-194.1042874,87.51996168,-204.5597133,-29.00351594,10.68290669,\n" +
"209.6,0.001371181,0.001423272,0.001489275,0.001336582,0.001656631,0.001340512,0.001630389,0.001783393,-0.00013732,1321.63556,-3160.958853,1908.969402,769.8143859,-434.8461893,-7.754729754,-256.4564347,-20.0585854,-5.031737227,\n" +
"209.65,0.001201308,0.001257829,0.001289826,0.00116452,0.001263251,0.001208712,0.000749533,0.000115196,-0.000133552,384.644676,268.6705861,-440.6116994,302.7614134,-258.2667988,-127.2987052,-31.20365834,15.31829777,-20.57127981,\n" +
"209.7,0.001082445,0.001126643,0.001142997,0.001072662,0.001104475,0.001442827,0.000424082,-4.30E-05,-0.000431811,-48.76450071,1921.956889,-1629.531305,-299.9178022,93.58765905,-106.8985019,162.8055173,28.44927271,-14.57514553,\n" +
"209.75,0.000991067,0.001017107,0.001034827,0.001015691,0.001054775,0.001985639,0.000340094,0.000344136,-0.001078213,-145.7427029,2070.834085,-1738.226095,-713.7677342,385.7013173,-28.42841358,263.3255758,25.82639275,-0.899927436,\n" +
"209.8,0.000885908,0.000907914,0.000946997,0.00093355,0.000739448,0.000816453,-0.000162867,0.001394104,0.000167345,-521.9490686,1917.944633,-1372.519947,-207.6633818,129.032556,-131.622262,211.0799561,38.67233589,-20.23540217,\n" +
"209.85,0.000801689,0.00082452,0.00085561,0.000796555,0.000672638,0.000683615,-0.000506679,0.000878464,0.000458098,-471.6258867,1388.381264,-961.9235709,-199.4242592,157.8319166,-116.0373337,213.930873,37.25075367,-18.26328399,\n" +
"209.9,0.000732304,0.000755992,0.00076215,0.000623456,0.000676536,0.001021234,-0.000653464,-0.00069732,0.000372118,-31.74477851,856.3597231,-778.9916109,-612.9370371,389.8652137,17.10235935,221.7540419,16.68461411,5.017714487,\n" +
"209.95,0.000660902,0.000676073,0.000678033,0.000516945,0.000599312,0.000541791,0.000487734,-0.00017902,-7.57E-06,538.2642258,-381.3477384,-115.0753207,-266.1152568,214.9281848,85.92795046,46.0291348,-7.978956789,13.91865451,\n" +
"210,0.000599224,0.000620167,0.000628991,0.000460985,0.000507733,0.000561718,0.000591015,0.000813238,-9.39E-05,713.8969713,-445.4968342,-265.168051,57.14067905,69.13067948,85.94506912,-42.81269469,-14.00227277,11.66377672,\n" +
"210.05,0.000548921,0.000578606,0.000593161,0.000447218,0.000413601,0.000770411,0.000319181,0.001432562,-0.000169798,344.7552242,278.4157417,-682.0031043,430.0996958,-143.5369774,-20.45527245,-66.07082245,1.070841991,-7.144541593,\n" +
"210.1,0.000508937,0.000537693,0.000546821,0.000552503,0.000279506,0.000659219,0.000429255,0.000254322,-0.001522822,1238.891503,-4267.030467,2724.264896,636.5359353,-154.2028116,37.68035072,-126.137915,-11.12989919,-0.204596634,\n" +
"210.15,0.000480963,0.000499763,0.000505756,0.000446829,0.000278445,0.000509757,0.000810081,-0.000529779,-0.000841337,1382.628122,-3485.169299,1941.187296,155.3883395,97.3721177,164.9429517,-101.7229304,-29.62573602,22.6740409,\n" +
"210.2,0.000457235,0.000465211,0.000472172,0.000256915,0.000308035,0.000428506,0.001123053,-0.000741318,0.000820876,732.2302016,334.778611,-923.0873502,-330.5910617,239.9517837,187.3660564,-42.16974406,-31.17726498,30.431173,\n" +
"210.25,0.000427986,0.000432727,0.000448001,0.000341769,0.00030362,0.000590804,-0.000146362,0.000489873,0.001047459,234.5008069,1174.965447,-1189.39917,-251.7378772,89.42400243,87.57644219,-35.72079789,-17.8340417,15.8327724,\n" +
"210.3,0.000401839,0.000416734,0.000406161,0.000338101,0.000183899,0.000408161,7.68E-05,0.000934664,-3.76E-05,154.2421823,665.0311658,-590.0458286,-212.9573016,23.06330805,72.09569536,-60.99144448,-18.92658987,13.97265822,\n" +
"210.35,0.000378454,0.000402742,0.000376182,0.000317315,4.72E-05,0.000129628,0.000796992,0.001012433,-0.001563811,119.9459671,422.6704535,-325.2995423,-239.2951214,31.24981247,67.65745682,-51.36715352,-17.741776,13.54916929,\n" +
"210.4,0.000356169,0.000365452,0.000383977,0.000483862,0.000646571,0.000958979,0.000674118,0.000983993,0.001328396,-250.5310636,550.3815668,-131.4832029,19.24147066,-152.4608294,-79.86253101,-15.28724461,7.365232599,-10.58294664,\n" +
"210.45,0.000345763,0.000353005,0.000355375,0.000414636,0.000552902,0.000760459,0.000524785,0.000800649,0.000416633,63.71797472,-77.63298961,234.3407085,-378.8581694,71.33746275,-24.07849349,65.92719976,4.906815229,0.333530404,\n" +
"210.5,0.000336776,0.000345383,0.000324758,0.000284177,0.000311128,0.000418566,0.000243895,0.000349005,-0.000592994,487.7407736,-1057.380016,781.7616675,-667.4676501,278.6733853,69.14697565,100.1273316,-6.017840659,15.96426445,\n" +
"210.55,0.000322928,0.00033739,0.000323622,0.000216593,0.000135212,0.000313118,-0.000565045,-0.000493334,0.000728938,321.3505974,-1415.826669,1169.484896,-268.6278175,96.41443588,28.74854003,30.27990425,-4.140421932,6.929577161,\n" +
"210.6,0.000311941,0.000324541,0.000308651,0.00018503,0.000185152,0.000559113,-0.000398711,-5.17E-05,0.000812621,-346.5007034,467.5675897,-124.8331513,-61.18875307,5.978612724,-75.33076342,79.17303485,17.51455665,-11.21091168,\n" +
"210.65,0.000304507,0.000313217,0.00029542,0.000151952,0.000232907,0.000759876,5.06E-06,0.000737134,0.000820361,-227.7944652,-341.1886417,389.1703481,139.9914629,-6.54650417,-100.8830976,99.62085758,25.95357997,-17.82296245,\n" +
"210.7,0.000300471,0.000308164,0.000299767,7.78E-05,7.06E-05,-3.01E-05,0.000310495,0.001151205,0.000923429,982.952723,-4734.191818,3260.354332,506.8641957,-4.817206017,17.78602243,-12.71494937,3.146885402,-3.793058343,\n" +
"210.75,0.000299866,0.000300438,0.000296233,0.000139563,0.000294998,0.000344964,0.000523876,0.000559449,0.000901547,217.3836516,-2043.130885,1391.99718,882.6236483,-277.0186169,-99.07951227,-64.38597883,16.43309775,-23.53174296,\n" +
"210.8,0.000296749,0.000298735,0.00029471,0.000159052,0.000430426,0.000653272,0.000458855,0.000290501,0.000461648,-496.4956105,387.579209,-196.8175351,1054.904068,-480.6049482,-191.3659093,-99.38366385,25.72271119,-37.56744144,\n" +
"210.85,0.000283345,0.000304558,0.000299561,4.03E-05,0.000315965,0.000675441,-0.000171879,0.000938351,-0.001364956,-394.7499875,-222.8549846,364.9325743,1127.797029,-578.4696937,-207.6416717,-143.3234142,22.92150625,-39.57021547,\n" +
"210.9,0.000289851,0.000294536,0.000296005,4.09E-05,0.000203211,0.000629975,0.000387734,0.000594664,-0.001127317,-204.6845917,1247.283667,-1102.278919,270.7023448,-93.3328987,-21.2808019,-35.76750986,2.618338192,-5.82434139,\n" +
"210.95,0.000293862,0.000287911,0.000289357,9.44E-05,0.000166982,0.000526719,0.000690339,-0.000381261,-0.000661743,-216.0622217,3218.700496,-2840.266717,-553.0513147,339.7712323,130.1288297,74.36197317,-12.80805312,22.69547229,\n" +
"211,0.000290418,0.000288792,0.000284057,0.000269451,0.000175172,0.000399511,0.000267154,-0.001684431,-0.000398524,-671.3444046,4834.989685,-3819.385904,-699.9773226,292.3933404,68.76756716,104.105155,-4.121856209,15.62475983,\n" +
"211.05,0.000290305,0.000301981,0.00029771,0.000262829,0.000282663,0.000322255,0.000262651,0.00053932,-0.000375959,-49.42770846,1595.319711,-1317.695466,-370.1358839,124.45126,58.9917398,13.90965906,-10.19646305,12.39893447,\n" +
"211.1,0.000292339,0.000308542,0.000306652,0.000242918,0.000311421,0.000146404,0.000386924,0.001697986,-0.000183147,600.4283531,-2465.314479,1947.077473,86.37352502,-133.3321114,16.7855691,-98.1438703,-13.70048417,3.765973369,\n" +
"211.15,0.000301016,0.000302688,0.000305988,0.000234829,0.000166158,-0.000208182,0.000801133,2.60E-05,0.000541518,1162.204221,-5167.628081,4099.163213,80.51045276,-174.5591299,45.55185415,-151.0869775,-24.58141257,9.316355912,\n" +
"211.2,0.000303052,0.000306403,0.0002956,0.000240454,0.000446937,0.000756071,0.001090502,-0.00077996,0.000452142,1602.031297,-6486.413701,4910.48495,248.9795088,-218.4832561,70.43284436,-201.3899741,-31.37004027,11.68179259,\n" +
"211.25,0.00030584,0.000313795,0.000289935,0.000215482,0.000499039,0.00111937,0.001150228,-0.000958186,0.000160341,1403.852669,-4884.408459,3471.719862,235.216569,-138.5275082,96.64034359,-179.0680027,-31.11409811,14.6079622,\n" +
"211.3,0.000311212,0.000322046,0.000289307,0.000103959,9.84E-05,0.00066351,0.001000818,-0.000818395,-0.000573852,526.866186,-836.3895927,290.1193898,-23.38670174,77.63276482,83.35887875,-35.18604105,-14.26266581,12.35090806,\n" +
"211.35,0.000317232,0.000320118,0.000319934,0.000212192,-9.26E-05,0.000396436,0.000129985,0.000347104,-0.001266038,-539.1063569,3067.511176,-2489.194621,-356.8700153,249.1100429,19.60533684,131.1906438,9.723042537,3.883896319,\n" +
"211.4,0.000324135,0.000319355,0.000342079,0.00024268,-0.000103332,0.000242522,-0.000149991,0.000245979,-0.000843941,-1011.962679,4375.108896,-3353.453501,-341.1570308,245.9285534,-41.96271413,190.6659339,24.73158474,-6.151534303,\n" +
"211.45,0.000332499,0.000320718,0.000348425,0.000163378,8.93E-05,0.00017299,0.000179779,-0.002181628,0.001926828,-893.4415911,3818.105941,-2978.690916,-170.6520675,183.3571445,-47.23731605,158.6115522,23.83167864,-8.341756006,\n" +
"211.5,0.000346421,0.000344518,0.000354242,0.000215834,0.000193859,0.000388014,-0.000884331,-0.000156081,0.002400778,-1024.805124,6160.622714,-4974.116707,-867.818365,548.6180238,121.1663065,209.6990061,1.155857421,22.17264679,\n" +
"211.55,0.000360567,0.000359109,0.000353087,0.000227693,0.000303018,0.000721951,-0.000411436,0.000241033,0.001827482,-1331.133679,6310.036335,-4764.771142,-587.1131538,295.5129276,23.28050487,152.0351907,9.201420093,6.724061363,\n" +
"211.6,0.000374884,0.000367521,0.000348757,0.000225291,0.000383674,0.000986167,0.001178729,1.69E-05,0.000270367,-1118.076709,1843.382778,-718.9575208,659.7005263,-497.2743207,-272.5832309,-32.25209371,37.21605063,-44.73470808,\n" +
"211.65,0.000392834,0.000390324,0.000374102,0.000233133,0.000262494,0.000778107,0.001162889,0.000261993,-6.70E-05,483.9132158,-5287.069974,4631.578735,1179.129462,-758.0402467,-251.0818147,-207.7358848,18.7231676,-43.87783965,\n" +
"211.7,0.000415867,0.00041846,0.00041221,0.000319877,0.000237136,0.000729113,0.000737548,1.94E-05,-0.000195752,1707.371451,-7879.725601,6134.821544,703.5852726,-484.5662943,-58.94175852,-232.5652198,-14.09096793,-10.90652287,\n" +
"211.75,0.000447433,0.000455398,0.000457543,0.000428978,0.000263427,0.000751241,0.000147368,-0.000383795,-9.28E-05,2133.394674,-6219.680452,4290.273274,42.83895277,-104.0992881,116.2463099,-178.0109387,-36.55823376,19.8765549,\n" +
"211.8,0.000493877,0.000517725,0.000506963,0.000352239,0.000371111,0.000932672,0.000546632,0.000807475,0.002560136,2164.487502,-4279.201629,2449.26743,-212.3910595,60.76855655,166.0123271,-128.6226648,-39.19069577,28.48340652,\n" +
"211.85,0.000563217,0.00059581,0.000596126,0.000397092,0.000354334,0.000735449,0.000256133,0.000930016,0.000192583,1662.41365,-429.5775174,-750.5867132,-485.7503301,224.7900797,146.1334048,-10.91369127,-25.12820381,26.13491231,\n" +
"211.9,0.00065945,0.000691247,0.000722671,0.000495663,0.000306672,0.000399572,-0.000306047,0.000417438,-0.004039876,1007.029196,3740.412872,-4139.207369,-673.1681258,341.4425343,106.2968432,97.73353204,-8.534484044,20.1503641,\n" +
"211.95,0.000768976,0.000798683,0.000832246,0.000500108,0.000507288,0.000791768,-0.00015738,-0.000949784,2.37E-05,884.0691211,5417.728975,-5625.322914,-1131.126054,636.8053934,157.7258358,225.9841868,-4.759078359,29.87182265,\n" +
"212,0.0009344,0.000968962,0.000998091,0.000603177,0.000804293,0.000776134,0.000180433,-0.002260278,0.001143515,1225.840872,2127.338771,-3060.958713,-611.9677241,500.9159447,129.346151,176.5886923,-0.611779459,20.60236053,\n" +
"212.05,0.001179089,0.001228612,0.001255439,0.000881062,0.001008482,0.000672478,0.000645473,-0.002740626,0.001344172,1220.017453,-1287.804929,-98.88688826,129.0822633,212.0766998,59.50913354,75.11917506,4.954525,4.156669079,\n" +
"212.1,0.00150618,0.001574046,0.001637408,0.001097379,0.001020527,0.00133285,0.000943178,0.000113019,0.001521737,927.4157439,-3742.509637,2276.116034,314.061981,188.9886041,89.5994582,33.94182702,-1.660879168,7.149836436,\n" +
"212.15,0.001863402,0.001957888,0.002020341,0.001410506,0.00123135,0.001475173,0.000744872,0.001365739,0.002117453,250.7275224,-5454.372604,4309.434327,877.443345,-117.0664747,8.818474529,-70.15642772,2.338766233,-8.338506872,\n" +
"212.2,0.002239278,0.00235785,0.002413894,0.001735897,0.001692013,0.001627515,0.000693019,0.001757678,0.003334015,-516.8770563,-5378.92269,4927.666479,1080.669419,-338.5312218,-54.74408734,-143.1896216,3.186514588,-17.60593131,\n" +
"212.25,0.002632014,0.002761053,0.002837054,0.001982223,0.002260713,0.002469899,0.003249147,0.001644878,0.005451266,-1486.827309,-1769.236794,2584.609161,466.1966409,-185.9473537,-17.42918776,-93.31167621,-3.522133206,-5.718014699,\n" +
"212.3,0.00272984,0.002853938,0.002960815,0.00227745,0.002320802,0.002734237,0.0027387,0.001856492,0.002763453,-2340.940603,1531.767491,435.4044913,167.7480236,-210.0386416,-114.4733263,-15.48252512,13.30029191,-16.84867839,\n" +
"212.35,0.002744544,0.002865733,0.002984095,0.00242217,0.002324132,0.002888553,0.002074129,0.002029932,0.000222124,-2630.286114,3821.636214,-1220.984829,113.663783,-355.8690114,-236.7594965,14.22859134,30.56461836,-33.50096197,\n" +
"212.4,0.00252665,0.002629771,0.002752243,0.002358356,0.002223985,0.003056998,0.002156165,0.001304346,0.004362828,-2165.228218,5755.400928,-3130.634348,-431.012228,-184.5361803,-157.463355,35.10830535,16.45278708,-16.3430835,\n" +
"212.45,0.002288334,0.002372433,0.002459979,0.00215728,0.002180221,0.002839342,0.001327362,0.002026489,0.004489322,-1711.661417,6415.13365,-4078.229616,-275.9818492,-271.6381934,-214.6658764,38.94479149,26.21045381,-26.46055029,\n" +
"212.5,0.00221217,0.002291093,0.002361065,0.001983128,0.00209967,0.002428989,0.000884369,0.002402035,0.004099231,-924.7137422,5507.124865,-3959.13144,-357.4796666,-114.9954356,-177.108615,99.31935812,28.30872362,-21.90481364,\n" +
"212.55,0.002242109,0.002330377,0.002400463,0.001912639,0.001905255,0.002080523,0.001584445,0.001569304,0.003478536,470.767485,1891.763723,-1976.848159,-871.4224401,444.4776139,74.09449649,195.0964661,3.323171361,16.57420561,\n" +
"212.6,0.002423327,0.002517011,0.00260873,0.002000436,0.001897049,0.00209287,0.002417289,0.000769127,0.003411675,631.5398869,-1205.368699,359.3886382,116.5993086,155.7729553,39.74680306,59.67002376,4.814048019,2.228031292,\n" +
"212.65,0.002719818,0.002829127,0.002933472,0.002173204,0.002002563,0.00235221,0.002590725,0.000891918,0.003712627,-95.40739683,-998.279131,486.2984215,715.7011851,-47.77831529,8.520642915,-31.42366054,6.260399576,-7.74788912,\n" +
"212.7,0.002956905,0.003092251,0.003185498,0.002341705,0.002452684,0.003086831,0.002098589,0.002785901,0.004958891,-688.576571,-848.5249653,790.6265383,548.991198,40.58234201,77.73742238,-47.39435524,-6.300829515,4.350565653,\n" +
"212.75,0.00301389,0.003135162,0.003255809,0.00252645,0.002531813,0.002493088,0.002192648,0.003516405,0.001912686,-1297.117482,689.453119,-48.83907444,175.7079794,152.6074593,148.0710482,-52.63236799,-20.44721763,18.95469256,\n" +
"212.8,0.002997972,0.003113443,0.003239423,0.002575215,0.002527924,0.002476237,0.002502788,0.003289464,0.001340379,-1566.545496,943.4943026,163.8612438,-255.684455,227.3270613,162.4793032,-24.21667229,-25.42689825,26.14771129,\n" +
"212.85,0.002817543,0.002920038,0.00303436,0.002541033,0.002444885,0.003519489,0.003061869,0.001488049,0.004727938,-1558.054053,-98.03655942,1364.629798,-504.7588055,208.2440812,97.06256907,28.67883003,-15.87220444,19.66601418,\n" +
"212.9,0.002616872,0.002723375,0.002796676,0.002482247,0.002437892,0.003177263,0.002412546,0.001074511,0.00069682,-851.8622535,-3866.997477,4386.173439,136.8955953,-207.2782371,-57.97311882,-66.97566939,-1.62063914,-7.090707533,\n" +
"212.95,0.002396377,0.002499011,0.002546661,0.002319017,0.002384862,0.002635326,0.001760616,0.001567235,-0.00085003,-307.4078941,-5212.52078,5254.488677,584.7082795,-488.7580065,-163.0466458,-132.6499481,8.624062474,-25.59566227,\n" +
"213,0.002169792,0.002252164,0.002305295,0.00195224,0.002133526,0.002170149,0.001459891,0.003896325,0.001369112,-141.713827,-3475.754582,3583.41515,277.5803805,-345.3725146,-149.3526702,-60.57292875,12.0063701,-21.6730349,\n" +
"213.05,0.001953934,0.002018252,0.002068543,0.001803244,0.001969778,0.002331733,0.001553733,0.002223442,0.004906414,-203.2096685,-2984.542634,3098.414537,586.837975,-475.8319656,-292.9363842,5.089621061,41.50579167,-46.86936121,\n" +
"213.1,0.001765894,0.001819255,0.001873987,0.001601415,0.001829827,0.002326538,0.001573568,0.001199374,0.004979686,-278.6187479,-681.951025,978.5209328,411.9854639,-343.1737927,-249.942037,41.50539159,39.38316805,-39.97886254,\n" +
"213.15,0.001594173,0.001640695,0.001703795,0.001420236,0.001681339,0.002119443,0.001552728,0.00084984,0.003237698,-201.7633195,1877.218556,-1495.018627,-2.032322177,-67.34599013,-78.3887601,35.43217795,13.83584009,-11.60172606,\n" +
"213.2,0.001402006,0.001438087,0.001507596,0.001436496,0.001308072,0.001564614,0.0003246,0.002079795,0.00230932,-840.8583434,5872.679735,-4642.907961,-229.5174094,4.16190938,-66.33666974,62.92995738,13.62377974,-8.018982425,\n" +
"213.25,0.001247099,0.001276742,0.001338649,0.001345169,0.00127504,0.001204787,0.000173206,0.002254224,0.000992311,-1103.316704,8253.227528,-6596.563296,-485.3187414,109.7306537,-20.47885665,78.66071927,7.204774037,0.931793105,\n" +
"213.3,0.001116287,0.001141736,0.001188571,0.001066413,0.001359399,0.001009606,0.000684708,0.001645468,-0.000329112,-924.8464987,8585.977451,-7026.664946,-677.0164477,212.3660645,49.95860253,69.8717331,-4.663602717,13.11626927,\n" +
"213.35,0.000968229,0.000986968,0.001020095,0.000937455,0.001098538,0.000848179,0.001211825,-0.000368939,-0.000622041,-124.2480012,5759.92617,-5055.114156,-729.6260128,282.3613222,139.4847023,25.00794173,-21.99136819,27.18844896,\n" +
"213.4,0.000838035,0.00085181,0.000877282,0.000805358,0.000753053,0.000988743,0.000921046,-0.000468847,-0.000605749,542.4173703,2127.432352,-2260.862706,-537.264218,231.936844,167.1238357,-30.0424943,-30.12001442,30.03084023,\n" +
"213.45,0.000733591,0.000742311,0.000765193,0.000661805,0.000516311,0.001228688,0.000361189,1.50E-05,-0.000274192,1044.116842,-1730.911841,802.9348887,-23.29414217,37.18702054,130.5853582,-107.8041863,-28.92977821,20.5082393,\n" +
"213.5,0.000657341,0.000657671,0.000683134,0.000497967,0.000449715,0.000990998,0.000774928,-0.00024124,0.001586808,1118.675565,-4480.890068,3160.126458,629.534893,-247.2043456,-5.404891386,-140.8682934,-8.460995069,-5.426900961,\n" +
"213.55,0.000579456,0.000581754,0.000583375,0.000481641,0.000378097,0.00091132,0.000559448,0.000351179,0.001146266,974.8820925,-4545.306257,3305.118074,426.1744703,-104.3083201,-26.1442346,-31.70035233,4.363306071,-8.101750229,\n" +
"213.6,0.000500578,0.000505857,0.000480842,0.000480646,0.000272478,0.000849684,0.000105061,0.001236127,-0.000367459,867.9860753,-4064.721826,2976.07916,-14.90345221,136.2122614,2.543464099,86.24228205,9.174966871,-1.206030604,\n" +
"213.65,0.000424513,0.000415824,0.000404961,0.000279028,5.50E-05,0.000400801,0.000137075,-0.000446847,-0.000702453,1301.857116,-5943.913217,4308.640866,-33.98424019,215.3666064,66.50359664,72.60639297,-0.553702028,8.144405896,\n" +
"213.7,0.000370777,0.000368044,0.000358898,0.000260253,1.55E-05,0.000772924,-0.000304087,0.000920725,-0.000226436,1370.401393,-5909.44188,4218.828027,51.39541474,165.6556861,84.07837624,24.25487912,-7.237116201,10.51324451,\n" +
"213.75,0.000325344,0.000328366,0.000319707,0.000248119,1.64E-05,0.001122153,-0.000713927,0.002364362,0.000261171,1029.332088,-3393.863097,2203.517174,-33.88744212,160.9740523,94.04575099,8.391921814,-10.89388234,13.10656186,\n" +
"213.8,0.000280141,0.000278261,0.000273906,0.000149747,0.000162475,0.000306037,-9.72E-05,0.001628802,0.00025184,441.0456736,601.1371573,-984.9211318,-329.1900231,270.6354395,118.4701799,46.74647186,-12.18024556,18.98962569,\n" +
"213.85,0.00025224,0.000246149,0.000247583,0.000150909,0.000147044,0.000211854,0.000216405,-0.000347353,-0.001302198,-307.4303494,4211.703691,-3700.195598,-262.3145181,165.0720469,56.36477035,40.91520974,-3.797560732,9.52363029,\n" +
"213.9,0.000226963,0.000219041,0.000228974,0.00016989,0.000126714,0.000234526,0.000297753,-0.001569386,-0.002727763,-485.8215417,4606.857651,-3867.07735,-43.46184273,-23.31575054,-23.36537665,4.786572156,4.11091443,-3.2670943,\n" +
"213.95,0.00019372,0.000189415,0.000214175,0.000200814,0.000194152,0.000788953,-0.000118666,0.000801661,-0.000591092,211.9485145,1092.05874,-1109.708994,188.4383507,-180.2016521,-52.10297029,-59.91375053,1.720697962,-8.301597556,\n" +
"214,0.000176522,0.000173158,0.00018205,0.000190316,7.05E-05,0.000515813,2.63E-05,0.000624327,0.000202853,-84.95182967,1730.568164,-1435.497793,192.2246935,-210.4292585,-68.31288622,-62.95505102,3.339098312,-10.46456801,\n" +
"214.05,0.000162538,0.000160237,0.000146671,0.0001742,9.34E-06,0.000340683,0.000136892,0.000200471,0.000828044,-627.0087829,3475.127674,-2583.30649,63.30356988,-175.632895,-84.74143993,-26.9375183,8.140789586,-11.92392138,\n" +
"214.1,0.000147839,0.000147139,0.000120237,0.00016516,0.000121562,0.000466575,0.000132941,-2.30E-05,0.001536,-753.7265826,3771.067885,-2757.798193,-22.76495014,-125.1957324,-80.28578785,-0.708823689,9.656969378,-10.81481918,\n" +
"214.15,0.000136045,0.000131772,0.000113198,8.55E-05,0.000117908,0.000263368,0.000120512,-0.000544471,0.000543112,-601.2933459,2283.599542,-1566.06375,111.0191036,-142.5513547,-76.00691872,-13.53213272,9.198505058,-11.56135241,\n" +
"214.2,0.000126494,0.000109533,0.000105377,5.29E-05,5.20E-05,0.00021386,2.36E-05,-0.000374047,-0.00066963,-251.1155833,145.0497462,70.59683331,139.1781444,-87.77348742,-44.59143539,-8.887794242,6.049901305,-7.610892168,\n" +
"214.25,0.000118674,8.50E-05,9.08E-05,0.000102964,-0.000109154,0.000564747,-0.00025276,0.00120408,-0.001104997,293.0382052,-1965.719342,1552.179089,-93.31081576,108.0595999,35.48708446,32.82430405,-1.941631039,5.448751695,\n" +
"214.3,0.000112299,0.000100812,8.26E-05,4.93E-05,-9.71E-05,-1.41E-05,9.81E-05,0.000405671,6.67E-05,799.4609041,-4055.792942,3043.090728,-58.6130213,140.4339011,76.01401066,14.12757819,-8.893728304,11.06344243,\n" +
"214.35,0.000105186,0.000105143,6.88E-05,3.47E-05,-6.71E-05,-0.000206224,0.000119645,-0.000507334,0.000778328,1208.33835,-5281.327353,3830.649252,-160.4983521,234.217689,136.4460811,11.97604693,-17.86940298,20.69332685,\n" +
"214.4,9.71E-05,9.32E-05,4.87E-05,7.70E-05,-5.78E-06,0.000100211,-0.000534471,-0.001019045,0.000883133,1311.144935,-5258.213981,3733.053751,-366.4241527,355.743181,166.3140212,56.30251404,-18.84486604,26.3769212,\n" +
"214.45,9.12E-05,9.52E-05,5.69E-05,7.87E-05,7.00E-05,-9.51E-05,-0.000691413,0.001162071,0.000768988,442.1312196,-1780.229079,1226.679701,-190.6587721,190.6411481,57.11518016,61.81242627,-2.110694349,8.878307308,\n" +
"214.5,8.80E-05,8.77E-05,5.62E-05,5.35E-05,0.000108739,-0.000109493,-0.000392901,0.000728233,-0.000961148,82.63731907,-491.8913271,324.2491968,165.5586238,-48.71958367,-32.16163114,3.791027381,6.583816087,-6.625793315,\n" +
"214.55,8.65E-05,7.03E-05,5.03E-05,-1.32E-06,0.000123855,5.01E-05,0.000290822,-0.001374289,-0.004267036,0,0,0,0,0,0,0,0,0,\n" +
"214.6,8.70E-05,7.28E-05,8.20E-05,7.08E-05,5.40E-05,0.000586096,-0.000308852,0.001457588,-0.000938408,0,0,0,0,0,0,0,0,0,\n" +
"214.65,8.78E-05,7.37E-05,8.75E-05,8.60E-05,8.00E-05,0.00045347,-0.00014282,0.001683661,0.000848145,0,0,0,0,0,0,0,0,0,\n" +
"214.7,8.84E-05,7.38E-05,7.69E-05,8.03E-05,0.000173575,-7.67E-05,0.000536255,0.000409372,0.001367612,0,0,0,0,0,0,0,0,0,\n" +
"214.75,8.68E-05,9.44E-05,4.49E-05,0.000131719,-1.41E-05,0.000182551,0.000364282,-1.03E-05,-0.000937556,0,0,0,0,0,0,0,0,0,\n" +
"214.8,8.15E-05,8.85E-05,4.54E-05,0.000121032,-5.84E-05,0.000215188,-4.28E-05,-0.000284099,-0.000977133,0,0,0,0,0,0,0,0,0,\n" +
"214.85,7.68E-05,7.16E-05,6.07E-05,4.58E-05,-4.65E-05,0.00017386,-0.000447839,-0.00045956,-0.000164361,0,0,0,0,0,0,0,0,0,\n" +
"214.9,7.86E-05,7.26E-05,6.60E-05,-4.07E-05,1.52E-06,0.000306989,-0.000534965,-0.00054048,-0.000247914,0,0,0,0,0,0,0,0,0,\n" +
"214.95,7.91E-05,7.74E-05,7.28E-05,2.73E-05,1.10E-05,0.000291464,-0.001035115,-0.000826699,0.000627334,0,0,0,0,0,0,0,0,0,\n" +
"215,7.98E-05,8.20E-05,7.47E-05,0.000143344,1.80E-05,0.000250063,-0.001551165,-0.001067922,0.001933015,0,0,0,0,0,0,0,0,0,\n" +
"215.05,8.70E-05,6.80E-05,3.66E-05,-2.22E-05,0.000116398,0.000611892,-0.000365411,-0.000276172,0.000423438,0,0,0,0,0,0,0,0,0,\n" +
"215.1,8.74E-05,6.35E-05,4.84E-05,-0.000107574,8.93E-05,0.000419176,-6.19E-05,-0.000167759,-0.001655769,0,0,0,0,0,0,0,0,0,\n" +
"215.15,8.74E-05,6.35E-05,6.51E-05,-0.000122577,5.78E-05,4.22E-05,-1.71E-06,-2.31E-05,-0.002613405,0,0,0,0,0,0,0,0,0,\n" +
"215.2,8.81E-05,8.33E-05,6.76E-05,0.000109047,8.67E-05,-0.000199331,-0.000207295,0.001319129,0.000115726,0,0,0,0,0,0,0,0,0,\n" +
"215.25,8.67E-05,7.94E-05,5.81E-05,7.77E-05,8.36E-05,0.000241292,-0.000157761,0.000819581,-0.000332299,0,0,0,0,0,0,0,0,0,\n" +
"215.3,8.56E-05,7.44E-05,5.18E-05,3.32E-05,6.15E-05,0.000646477,-0.000120106,-0.000365772,-0.000909364,0,0,0,0,0,0,0,0,0,\n" +
"215.35,9.10E-05,7.77E-05,0.000102951,5.19E-05,-3.51E-05,-9.23E-05,-0.000516365,-0.001450075,0.000108946,0,0,0,0,0,0,0,0,0,\n" +
"215.4,9.36E-05,8.27E-05,6.97E-05,-2.57E-05,1.15E-05,-1.58E-05,-0.000386885,4.47E-06,0.00247053,0,0,0,0,0,0,0,0,0,\n" +
"215.45,9.76E-05,8.80E-05,5.15E-05,-5.57E-05,2.87E-05,0.000201862,-5.94E-06,0.000810649,0.002656586,0,0,0,0,0,0,0,0,0,\n" +
"215.5,0.000106434,9.20E-05,8.43E-05,6.06E-05,-5.67E-05,0.000380246,0.000477175,-6.64E-05,-0.001695139,0,0,0,0,0,0,0,0,0,\n"
