"File_Version,2,,,,,,,,,,,,,,,,\n" +
"Elements,8,,,,,,,,,,,,,,,,\n" +
"Entries,176,,,,,,,,,,,,,,,,\n" +
"WL_Start,195,,,,,,,,,,,,,,,,\n" +
"WL_Stop,230,,,,,,,,,,,,,,,,\n" +
"PLSEntries,8,,,,,,,,,,,,,,,,\n" +
"PLSGroups,1,,,,,,,,,,,,,,,,\n" +
"SGWidth,15,,,,,,,,,,,,,,,,\n" +
"SGDeriv,2,,,,,,,,,,,,,,,,\n" +
"PLSDesc, Standard PLS Rank=6 SGWidth=15 SGDeriv=2 WLStart=207.00 WLStop=220.00,,,,,,,,,,,,,,,,\n" +
",,,,,,,,,,,,,,,,,\n" +
"Spectra_Start,,,,,,,,,,,,,,,,,\n" +
"Gas,buta,buta,so2,so2,NH3,NH3,NO,NO,buta,buta,so2,so2,NH3,NH3,NO,NO,\n" +
"Start,207,207,207,207,207,207,207,207,207,207,207,207,207,207,207,207,\n" +
"Stop,220,220,220,220,220,220,220,220,220,220,220,220,220,220,220,220,\n" +
"PLSGroup,-1,-1,-1,-1,-1,-1,-1,-1,-1,-1,-1,-1,-1,-1,-1,-1,\n" +
"ResultNum,0,0,0,0,0,0,0,0,1,-1,2,-2,3,-3,4,-4,\n" +
"Min_Rsquared,0.9,0.9,0.9,0.9,0.9,0.9,0.9,0.9,0.9,0.9,0.9,0.9,0.9,0.9,0.9,0.9,\n" +
"Cal_conc,1,1,1,1,1,1,1,1,1,1,1,1,1,1,1,1,\n" +
"195,0.002129511,0.002032211,0.006621288,0.006275999,0.005580759,0.002844585,0.000340952,0.00025228,0,0,0,0,0,0,0,0,\n" +
"195.2,0.002132372,0.001862937,0.005989007,0.005672909,0.004606217,0.002190966,0.0003072,0.00026471,0,0,0,0,0,0,0,0,\n" +
"195.4,0.002504893,0.00198438,0.005657181,0.005403578,0.004022296,0.001824175,0.000265887,0.00022927,0,0,0,0,0,0,0,0,\n" +
"195.6,0.002432283,0.00193933,0.006517876,0.006207745,0.003964734,0.00172081,0.00029747,0.000199209,0,0,0,0,0,0,0,0,\n" +
"195.8,0.002099571,0.001816105,0.007237943,0.007186444,0.004141248,0.001855286,0.000311979,0.000211707,0,0,0,0,0,0,0,0,\n" +
"196,0.002213385,0.002086804,0.008529485,0.007769139,0.004421419,0.002266434,0.000277171,0.000176618,0,0,0,0,0,0,0,0,\n" +
"196.2,0.00213645,0.002138218,0.008206493,0.00764569,0.005674825,0.003125075,0.000274281,0.000186025,0,0,0,0,0,0,0,0,\n" +
"196.4,0.002231224,0.002189272,0.007143958,0.006990613,0.0073116,0.004397988,0.000150073,0.000129719,0,0,0,0,0,0,0,0,\n" +
"196.6,0.002290645,0.002236499,0.00630943,0.006053011,0.009708774,0.006175154,0.00022246,0.000135987,0,0,0,0,0,0,0,0,\n" +
"196.8,0.002489953,0.00213157,0.005768576,0.005628341,0.012492232,0.008355156,0.00017614,8.39E-05,0,0,0,0,0,0,0,0,\n" +
"197,0.0025301,0.002434087,0.006765529,0.006135679,0.014917058,0.010521274,0.000185044,6.68E-05,0,0,0,0,0,0,0,0,\n" +
"197.2,0.00220706,0.002285836,0.007551533,0.006988137,0.016143974,0.011617942,0.00011899,6.45E-05,0,0,0,0,0,0,0,0,\n" +
"197.4,0.002668985,0.002527966,0.007997695,0.007847547,0.01585471,0.011113801,6.81E-05,7.76E-05,0,0,0,0,0,0,0,0,\n" +
"197.6,0.002656264,0.002511916,0.008849637,0.008155246,0.013801402,0.00950871,8.23E-05,4.63E-05,0,0,0,0,0,0,0,0,\n" +
"197.8,0.002872805,0.002449611,0.007588169,0.007526287,0.011237214,0.007478384,0.000122869,1.52E-05,0,0,0,0,0,0,0,0,\n" +
"198,0.002601548,0.002567695,0.006894065,0.006437757,0.00909337,0.005667042,7.36E-05,-1.19E-05,0,0,0,0,0,0,0,0,\n" +
"198.2,0.0024835,0.002436201,0.005673634,0.005500922,0.006773697,0.00413471,8.76E-05,-8.40E-06,0,0,0,0,0,0,0,0,\n" +
"198.4,0.002534706,0.002451598,0.005884998,0.005438072,0.005240244,0.002872252,0.000111739,3.05E-06,0,0,0,0,0,0,0,0,\n" +
"198.6,0.002787931,0.002437928,0.006579411,0.006136276,0.004381234,0.002019417,0.000106991,-2.39E-05,0,0,0,0,0,0,0,0,\n" +
"198.8,0.00287638,0.002530409,0.007927927,0.007417651,0.003407073,0.001422787,4.86E-05,-2.74E-06,0,0,0,0,0,0,0,0,\n" +
"199,0.002595689,0.002643544,0.009071312,0.008314879,0.003368177,0.001106014,8.93E-05,-1.30E-05,0,0,0,0,0,0,0,0,\n" +
"199.2,0.002822694,0.00253679,0.00835445,0.008161511,0.003136519,0.000976361,7.11E-05,1.12E-05,0,0,0,0,0,0,0,0,\n" +
"199.4,0.002871934,0.002471685,0.007572087,0.007148795,0.002938573,0.001018616,8.54E-05,-4.36E-05,0,0,0,0,0,0,0,0,\n" +
"199.6,0.002990787,0.002595056,0.006185336,0.006000354,0.003551307,0.001282211,6.78E-05,-1.82E-05,0,0,0,0,0,0,0,0,\n" +
"199.8,0.002808344,0.002576591,0.005768383,0.005468022,0.003933878,0.00183309,7.48E-05,2.94E-07,0,0,0,0,0,0,0,0,\n" +
"200,0.003031177,0.002611318,0.005718241,0.005632782,0.005183056,0.002820179,7.96E-05,-3.48E-05,0,0,0,0,0,0,0,0,\n" +
"200.2,0.003025264,0.002775661,0.007320558,0.006708251,0.007360479,0.004352664,8.21E-05,1.42E-05,0,0,0,0,0,0,0,0,\n" +
"200.4,0.002976768,0.002696377,0.008610066,0.007908978,0.010177509,0.006442205,7.60E-05,-1.66E-05,0,0,0,0,0,0,0,0,\n" +
"200.6,0.002977279,0.002855465,0.008711205,0.00822025,0.012378165,0.008513002,0.00010073,-5.64E-06,0,0,0,0,0,0,0,0,\n" +
"200.8,0.003046197,0.002871788,0.00845077,0.007845748,0.013938197,0.009949162,5.20E-05,7.28E-06,0,0,0,0,0,0,0,0,\n" +
"201,0.003120897,0.002903631,0.007015721,0.006610088,0.013912778,0.009827994,6.65E-05,9.30E-06,0,0,0,0,0,0,0,0,\n" +
"201.2,0.003241631,0.003074748,0.005914692,0.005615393,0.012233507,0.008420702,6.19E-05,1.88E-05,0,0,0,0,0,0,0,0,\n" +
"201.4,0.003158735,0.002994865,0.00549965,0.005251666,0.010111448,0.006499953,0.000111044,8.01E-06,0,0,0,0,0,0,0,0,\n" +
"201.6,0.003328347,0.00319141,0.006117996,0.005707951,0.007522432,0.0047371,0.0001518,4.75E-05,0,0,0,0,0,0,0,0,\n" +
"201.8,0.003172286,0.003227901,0.00773708,0.006979107,0.005791373,0.003306093,0.000167611,0.000126956,0,0,0,0,0,0,0,0,\n" +
"202,0.00348097,0.003286502,0.008689355,0.008070748,0.004354026,0.002148815,0.000286858,0.000211476,0,0,0,0,0,0,0,0,\n" +
"202.2,0.003527923,0.003355661,0.008868284,0.008232603,0.003370413,0.001327843,0.000440795,0.000386239,0,0,0,0,0,0,0,0,\n" +
"202.4,0.003677053,0.003325594,0.007985795,0.00742026,0.002436485,0.000774076,0.000606227,0.000546791,0,0,0,0,0,0,0,0,\n" +
"202.6,0.003555204,0.003359527,0.006424481,0.006172657,0.002086026,0.000403654,0.000782294,0.000690151,0,0,0,0,0,0,0,0,\n" +
"202.8,0.003720525,0.003559573,0.005530056,0.005104014,0.001966498,0.000206666,0.00085494,0.000787096,0,0,0,0,0,0,0,0,\n" +
"203,0.003744394,0.003590917,0.005156753,0.004804445,0.001902966,0.000170904,0.000826772,0.000757832,0,0,0,0,0,0,0,0,\n" +
"203.2,0.003742858,0.003616356,0.006237741,0.005602968,0.001852861,0.000223263,0.000808287,0.000759008,0,0,0,0,0,0,0,0,\n" +
"203.4,0.003886631,0.003499463,0.007331884,0.00689687,0.002096235,0.000419085,0.000766783,0.000708348,0,0,0,0,0,0,0,0,\n" +
"203.6,0.003851345,0.003641699,0.008364769,0.007863122,0.002601952,0.000876172,0.00073195,0.000657183,0,0,0,0,0,0,0,0,\n" +
"203.8,0.003940882,0.003619113,0.008361803,0.007814831,0.003567105,0.001654565,0.000647758,0.000584671,0,0,0,0,0,0,0,0,\n" +
"204,0.00403074,0.003715022,0.007094131,0.006765131,0.005303203,0.00293414,0.000633314,0.000587804,0,0,0,0,0,0,0,0,\n" +
"204.2,0.004039552,0.003696548,0.005473391,0.005384142,0.007429449,0.004685471,0.000595008,0.000556053,0,0,0,0,0,0,0,0,\n" +
"204.4,0.00386015,0.003631984,0.004986792,0.004645581,0.009068924,0.006264237,0.000568467,0.00052481,0,0,0,0,0,0,0,0,\n" +
"204.6,0.003803321,0.003607064,0.005316609,0.004782807,0.010196539,0.007245301,0.000555166,0.000500909,0,0,0,0,0,0,0,0,\n" +
"204.8,0.003758513,0.003446023,0.006129138,0.005621369,0.009855228,0.006905211,0.000564003,0.000486296,0,0,0,0,0,0,0,0,\n" +
"205,0.003807745,0.003482385,0.007154739,0.006938139,0.00835611,0.005562933,0.000532132,0.000466594,0,0,0,0,0,0,0,0,\n" +
"205.2,0.003980828,0.003650119,0.008245969,0.007648721,0.006444674,0.004044347,0.000453943,0.00040274,0,0,0,0,0,0,0,0,\n" +
"205.4,0.003794151,0.003495724,0.007678147,0.007441016,0.004760627,0.00270237,0.000437667,0.000376168,0,0,0,0,0,0,0,0,\n" +
"205.6,0.003615911,0.003385214,0.006697582,0.006293647,0.00340419,0.001576366,0.000388614,0.000318105,0,0,0,0,0,0,0,0,\n" +
"205.8,0.003763511,0.003467004,0.00525746,0.004934096,0.002467591,0.000799461,0.000356667,0.000276058,0,0,0,0,0,0,0,0,\n" +
"206,0.003668351,0.003387562,0.004342582,0.00401667,0.001890036,0.000280653,0.000283209,0.000231611,0,0,0,0,0,0,0,0,\n" +
"206.2,0.003736011,0.003450377,0.00426621,0.003970918,0.001366114,-3.79E-05,0.000232454,0.000158582,0,0,0,0,0,0,0,0,\n" +
"206.4,0.004091645,0.003539033,0.005307142,0.005015857,0.001263257,-0.000264655,0.00020119,0.000127049,0,0,0,0,0,0,0,0,\n" +
"206.6,0.003647602,0.003485341,0.00717281,0.006549635,0.001032648,-0.000378138,0.000124,8.80E-05,0,0,0,0,0,0,0,0,\n" +
"206.8,0.003747924,0.003504053,0.007797812,0.007324834,0.000929553,-0.00040765,0.000107826,6.65E-05,0,0,0,0,0,0,0,0,\n" +
"207,0.003740252,0.003505584,0.007691779,0.00720023,0.000937651,-0.000387322,7.69E-05,3.30E-05,-6223.752996,8917.525677,4190.479225,-5035.19403,6598.806403,-7108.926352,2474.371031,921.2852489,\n" +
"207.2,0.003932066,0.003602858,0.006309705,0.005945792,0.001043061,-0.000283273,5.71E-05,1.84E-05,-373.9249393,1883.332943,571.16598,-713.4394734,2499.774168,-2458.513257,1072.175253,537.5115565,\n" +
"207.4,0.003837929,0.003682397,0.004800363,0.004441458,0.001360847,-3.11E-05,4.33E-05,5.08E-07,4758.544308,-4440.972029,-2123.700594,2629.201205,4892.353693,-5360.057485,1040.770694,-1278.092275,\n" +
"207.6,0.004011058,0.003720319,0.003649121,0.003450298,0.001912528,0.000439308,3.86E-05,1.35E-05,6973.752477,-7077.340331,-3138.822489,4228.241304,7345.937939,-8404.696385,1331.719238,-2374.225424,\n" +
"207.8,0.004057774,0.003823591,0.003608185,0.00338903,0.002750853,0.001272574,3.64E-05,2.04E-06,8952.653326,-9718.464641,-4013.409248,5817.274341,10173.62651,-11912.02777,1696.088527,-3553.893548,\n" +
"208,0.004093732,0.003804047,0.004962768,0.004305416,0.004271169,0.002448764,2.66E-05,-4.80E-06,997.1865411,-1114.738057,-68.11951475,1391.004607,4907.552217,-6085.319468,1225.960591,-762.9056573,\n" +
"208.2,0.004176771,0.003984823,0.005933612,0.00562011,0.005507963,0.003555673,3.74E-05,1.23E-05,1939.903373,-2504.867148,-1107.89136,1398.387595,-26.39599356,-530.6959781,75.86053976,93.55244479,\n" +
"208.4,0.004310827,0.004028064,0.007465691,0.0066662,0.006235729,0.004290647,3.46E-05,8.19E-06,2606.225622,-3863.291634,-1795.125776,944.2184824,-2101.906543,1814.103334,-526.7256412,208.1289731,\n" +
"208.6,0.004336004,0.004006603,0.007203135,0.00680436,0.00606752,0.004178631,4.80E-05,1.41E-05,3816.145351,-5451.371525,-3092.827724,1689.449653,-8861.063293,9614.498665,-2094.91236,1399.255829,\n" +
"208.8,0.004559502,0.004168887,0.006036781,0.005842751,0.005256125,0.003354486,6.42E-05,6.57E-06,-5071.309887,4714.773194,1941.621255,-3367.184426,-8339.04309,9057.574824,-1276.713177,3055.109264,\n" +
"209,0.004548755,0.004234863,0.004693194,0.004533501,0.004197214,0.002362732,4.14E-05,9.00E-06,-984.1585155,-965.517211,-280.6277748,226.1469747,-7133.145693,7813.314395,-1613.638287,1444.714932,\n" +
"209.2,0.004708444,0.004252487,0.003771555,0.003427061,0.002937495,0.001346821,3.02E-05,7.88E-07,-3495.707309,1597.775664,1040.604045,-87.65208309,-8574.383023,9648.581743,-1817.934197,2073.564354,\n" +
"209.4,0.004458012,0.004193431,0.003033348,0.002941795,0.002020896,0.000589807,4.63E-05,1.87E-05,-3411.556954,255.3522401,1310.208876,546.9289561,-3738.099845,4298.705196,-1134.264016,316.9318966,\n" +
"209.6,0.004579655,0.004267508,0.003533198,0.003228047,0.001375981,5.07E-05,4.82E-05,1.17E-05,-1309.100843,-2381.803909,307.8592163,1536.359817,-1253.425641,1643.714284,-892.1086581,-889.4215559,\n" +
"209.8,0.004594388,0.004181557,0.004482037,0.004196707,0.000992983,-0.000283364,6.23E-05,2.12E-05,128.0260317,-3945.802801,-517.124973,1367.963627,-809.4973139,1287.453549,-945.4675502,-1342.181813,\n" +
"210,0.004546505,0.00419132,0.005664686,0.00553038,0.000593205,-0.000501768,4.55E-05,2.14E-05,1415.355269,-5262.618515,-1215.118591,532.2821507,469.2429902,-101.9330317,-764.8748577,-1862.384981,\n" +
"210.2,0.004364865,0.004206887,0.00664581,0.006117331,0.000486095,-0.000610749,3.75E-05,1.08E-05,-2404.299763,-181.83576,1637.122483,-3601.056931,9021.768855,-9958.726378,1493.974528,-2733.058649,\n" +
"210.4,0.004439513,0.004026406,0.006096898,0.005743547,0.0004909,-0.000676027,3.82E-05,1.75E-05,-2871.916956,1209.628968,1621.26142,-3922.876746,4744.93615,-5077.073036,859.7202116,-1220.164657,\n" +
"210.6,0.004313011,0.004004863,0.004997863,0.004651155,0.00033266,-0.000711121,5.01E-05,3.89E-05,-2995.083149,2046.885574,1474.467012,-3303.208659,825.1361387,-629.007149,331.2916634,262.4387529,\n" +
"210.8,0.004045098,0.003707334,0.00373512,0.00346036,0.000322204,-0.000700024,4.01E-05,1.53E-05,-2359.362828,1935.790151,1098.188646,-1874.969251,-1042.561711,1447.545963,276.1351621,1335.586515,\n" +
"211,0.004029237,0.003681572,0.002881849,0.002635644,0.000496481,-0.0006639,5.44E-05,2.48E-05,-1628.116017,2276.162819,870.5504793,-418.4383462,-1368.400043,1730.403675,708.1163156,2378.108446,\n" +
"211.2,0.003951466,0.00366364,0.002698038,0.002571784,0.00050074,-0.00061447,6.38E-05,3.36E-05,3812.104992,-3310.731363,-2192.979424,4025.558824,-3373.39658,3948.698718,271.7834836,2585.169995,\n" +
"211.4,0.003681462,0.00351819,0.003468866,0.003198911,0.000590388,-0.000457407,6.23E-05,3.78E-05,2862.078593,-1528.781716,-1533.495916,3727.035961,-3068.176527,3490.885468,767.8277215,3415.839082,\n" +
"211.6,0.003547682,0.003391621,0.004879362,0.004297005,0.000969558,-0.000180682,7.85E-05,6.23E-05,1650.983354,302.8487151,-886.855014,2012.89142,-3256.289014,3639.096989,972.1547909,3991.33127,\n" +
"211.8,0.003506012,0.003363409,0.005126064,0.005005832,0.001291318,0.000265151,0.000124932,9.65E-05,4536.204116,-3317.026321,-2302.62266,2116.349058,661.8751474,-907.3362126,1344.108117,2081.651859,\n" +
"212,0.003426271,0.003220647,0.005449175,0.004968326,0.001926538,0.000767255,0.000218043,0.000199181,-833.643635,2995.931695,932.4044729,-2411.796875,4034.439078,-4850.17114,2190.970498,1800.401758,\n" +
"212.2,0.003351096,0.003091102,0.004614476,0.004329081,0.00242877,0.001202825,0.000369572,0.000363657,-705.5335516,2050.626027,1159.822697,-2739.767213,8771.322244,-10335.60373,2473.530065,-708.8698208,\n" +
"212.4,0.003256761,0.003054153,0.003600935,0.003420773,0.002708248,0.001439312,0.000573183,0.000570614,-4988.731888,7155.398832,3856.756848,-5099.639011,11677.75359,-13723.33863,2871.636873,-1632.592522,\n" +
"212.6,0.003272351,0.002968664,0.002648769,0.002733058,0.002606171,0.001370186,0.000745586,0.00072841,-8096.285363,10436.31168,5897.63739,-6075.480678,14731.29908,-17254.4432,3104.897324,-3024.427255,\n" +
"212.8,0.003110113,0.0028215,0.002494685,0.002406041,0.002314738,0.001061775,0.000882891,0.000858483,-7206.649444,9052.628332,4740.890887,-3714.649461,6312.049251,-7527.937836,705.8869607,-2412.251405,\n" +
"213,0.003146245,0.002749201,0.002629364,0.002515651,0.001655618,0.000628604,0.000960019,0.000938868,-1678.670368,1946.852292,1429.173764,561.0431832,4111.33673,-4898.028151,-717.9362648,-4056.158985,\n" +
"213.2,0.00292252,0.002722544,0.003090961,0.003095015,0.001248077,0.000143361,0.000967629,0.000969723,5416.546564,-5876.464415,-3348.4262,4935.881053,-5558.432393,6383.789237,-3396.928681,-3443.499728,\n" +
"213.4,0.002929474,0.002734065,0.004144082,0.003849479,0.000889712,-0.000205297,0.000955863,0.000954941,5914.814075,-6402.718379,-3262.150423,3639.42478,-239.7789794,399.3904801,-2177.222907,-4464.999111,\n" +
"213.6,0.002938018,0.002702788,0.004347036,0.004125936,0.000576691,-0.000442409,0.00091068,0.000910457,7214.66817,-7696.637576,-4512.305974,3831.166614,-5929.90255,7054.03382,-3097.547111,-2670.864721,\n" +
"213.8,0.002898763,0.002753686,0.004222153,0.003820047,0.000298281,-0.000596835,0.000865726,0.000855323,5621.291822,-5291.543851,-3551.289306,2461.828923,-5577.639278,6675.436234,-2397.429039,-1432.924673,\n" +
"214,0.002778934,0.002738483,0.003306956,0.003226454,0.00041253,-0.00066325,0.000810751,0.000804999,9146.346379,-9314.323317,-5855.201689,5265.647498,-9856.072715,11591.64842,-3262.071514,-529.322545,\n" +
"214.2,0.002922367,0.002763032,0.002616977,0.002618636,0.000111986,-0.000708955,0.0007803,0.000785351,3860.620421,-3639.654449,-3043.299623,2753.040754,-11448.08451,13364.80328,-2941.846437,1361.153621,\n" +
"214.4,0.002950276,0.002672223,0.002128645,0.002134272,0.00018422,-0.000717249,0.000754137,0.000735755,3117.005385,-2904.92473,-2623.479083,2861.272336,-11658.81458,13552.81394,-2808.420827,1797.308712,\n" +
"214.6,0.00318175,0.002850015,0.00204742,0.001964916,0.000140085,-0.000717949,0.000720466,0.000724754,-1269.272468,1835.478538,289.8548417,301.1774839,-6116.368015,7113.652122,-1276.248926,1453.233991,\n" +
"214.8,0.003180638,0.002854959,0.002424091,0.002246194,0.000308007,-0.000707534,0.000708127,0.000694954,-2184.572216,2274.289508,1354.669735,-626.4395228,1263.223397,-1400.191485,190.4471929,-349.629554,\n" +
"215,0.003063881,0.002812745,0.003105745,0.002874353,0.000156801,-0.000685455,0.000630638,0.000671527,-2397.760732,2228.857699,1266.92514,-1280.191306,-274.2360355,387.0842987,-204.9237088,-135.5341799,\n" +
"215.2,0.003213998,0.0029573,0.003692798,0.003342406,0.000227035,-0.000662147,0.00060879,0.000599074,-6135.897209,6208.805754,3525.211257,-4386.164016,2703.564274,-3036.66629,662.0912764,-177.3402027,\n" +
"215.4,0.003244706,0.002996309,0.003348577,0.003369514,0.000198668,-0.000605753,0.000519317,0.000551138,-3901.117784,2713.187491,2366.434675,-3354.51783,5265.535346,-5979.137332,865.5870164,-1511.425303,\n" +
"215.6,0.002978524,0.002895959,0.003047272,0.002924229,0.000198957,-0.000523712,0.000477983,0.00049547,3260.332496,-6088.826428,-1924.204664,1565.628011,2391.481366,-2680.598982,-358.2813629,-2380.678322,\n" +
"215.8,0.003205888,0.003011629,0.002299167,0.002267369,0.000391871,-0.000418283,0.000425249,0.000422478,4421.919264,-8171.907299,-2063.989565,2408.860024,9090.996711,-10436.55963,920.9068695,-4198.170217,\n" +
"216,0.003185147,0.002982318,0.001783706,0.001750016,0.000453995,-0.00029014,0.000363187,0.000378236,6929.033424,-11095.69341,-3442.438888,4493.421874,8997.785642,-10376.92691,840.3933451,-4396.657047,\n" +
"216.2,0.003209756,0.002944093,0.001518207,0.0015052,0.000744818,-0.000175743,0.000281798,0.000303445,6443.940358,-10843.47476,-3152.610449,4787.741456,9185.144749,-10642.38855,1003.913032,-4166.91689,\n" +
"216.4,0.003250639,0.002986267,0.001790088,0.001555057,0.000691131,-8.98E-05,0.000243311,0.000252027,3494.864299,-7436.787979,-1900.985146,3579.182291,4226.689406,-4970.359294,354.1625058,-2136.518241,\n" +
"216.6,0.00313615,0.002916556,0.002427136,0.002025293,0.000779896,-6.28E-05,0.000184498,0.000195441,4550.01889,-8256.108011,-2448.909117,3901.990323,4416.248839,-5187.573789,449.3502881,-2113.169722,\n" +
"216.8,0.00289422,0.002792559,0.002495839,0.002428695,0.000662314,-0.000100644,0.000139065,0.000148175,4307.646563,-7634.981003,-2806.920054,3122.529735,-1139.256926,1249.902544,-572.3914939,-553.0115958,\n" +
"217,0.003026902,0.002752969,0.002818575,0.002704275,0.000691351,-0.000169115,9.36E-05,0.000118523,-2890.77602,1136.437061,1403.500036,-2476.367565,1216.866044,-1434.619174,657.3389467,666.7053449,\n" +
"217.2,0.002766841,0.002608507,0.002719432,0.002547205,0.000523446,-0.000291708,7.55E-05,9.18E-05,406.0745575,-1758.259997,-543.1472359,-787.2049703,-939.2427912,1088.696156,42.33768339,692.6594057,\n" +
"217.4,0.002780626,0.00246559,0.002119655,0.002086087,0.000359641,-0.000392557,6.32E-05,7.40E-05,-1800.043057,1322.505332,555.8545962,-1494.503172,-3707.916119,4273.748204,-277.8521782,1929.015269,\n" +
"217.6,0.002642386,0.002347434,0.001697926,0.001594502,0.000184813,-0.000494385,2.60E-05,5.58E-05,-4136.419117,4382.716331,1930.37307,-2035.331252,-4146.278709,4760.683208,-178.5545974,2501.898064,\n" +
"217.8,0.002395465,0.002178074,0.001403884,0.001218985,0.000192992,-0.000544182,3.78E-05,5.33E-05,-6362.685401,7638.971094,3111.917556,-2469.769985,-6544.450947,7496.61042,-431.9199615,3631.264564,\n" +
"218,0.00236784,0.002080163,0.001112325,0.001188766,0.000192628,-0.000572554,1.36E-05,6.29E-05,-6146.463807,7486.394671,3210.013809,-1992.175402,-4478.506242,5109.258753,-92.82707449,2961.720696,\n" +
"218.2,0.00217405,0.001937572,0.001196621,0.001181101,0.000172035,-0.000568718,1.57E-05,5.25E-05,-3932.020021,4973.196286,1849.676153,-788.2159503,-5798.787064,6648.67563,-627.1243293,2657.339405,\n" +
"218.4,0.001979539,0.001827105,0.001677305,0.001456297,0.000228714,-0.000576279,2.02E-05,5.76E-05,-542.2815859,1004.120992,214.670456,348.9467362,-2042.016807,2355.295578,-212.9984246,916.8309096,\n" +
"218.6,0.002058475,0.001756452,0.001874021,0.001820481,9.12E-05,-0.000564748,1.66E-05,4.55E-05,-1366.509864,2485.265182,383.499639,-1181.696901,-5286.390327,6122.881105,-773.6650213,1923.228581,\n" +
"218.8,0.001755599,0.00158896,0.002259587,0.002120026,9.17E-05,-0.000557303,2.35E-05,5.83E-05,2767.254461,-2312.775778,-2257.976672,694.8361714,-8459.889107,9817.204268,-1834.398343,1689.267671,\n" +
"219,0.001571649,0.001422778,0.002263347,0.002035344,2.05E-06,-0.00054759,1.77E-05,5.87E-05,659.2975667,560.4008775,-696.9036475,-1053.175963,-4399.525343,5129.508775,-749.1381086,1312.308669,\n" +
"219.2,0.001552568,0.0013521,0.001881141,0.001689625,8.38E-05,-0.000541708,1.56E-05,5.77E-05,-358.5046959,1701.332865,358.353239,-1437.26644,953.0347808,-1063.18499,445.6051663,278.395651,\n" +
"219.4,0.001408966,0.001232779,0.001221704,0.001201818,6.92E-05,-0.000538893,7.26E-06,5.76E-05,331.8861731,927.9433255,325.65045,-261.4610267,4332.93158,-4992.97247,1086.042426,-656.0158535,\n" +
"219.6,0.00130263,0.001105306,0.001046948,0.000852183,6.57E-05,-0.000505608,1.45E-05,5.73E-05,-1683.61781,3436.454158,1562.150689,-758.1283197,4738.636063,-5499.338468,1368.040279,-274.8603938,\n" +
"219.8,0.001136868,0.000957026,0.000791637,0.000762944,9.62E-05,-0.000506983,1.52E-05,5.58E-05,-2733.711542,4470.975112,2366.030727,-908.4573943,7048.075089,-8187.479142,1922.292185,-617.2860996,\n" +
"220,0.001179669,0.001022622,0.000873381,0.000753819,2.44E-05,-0.000480303,-4.83E-06,5.06E-05,-988.6493928,2840.68227,995.3625492,577.8990627,1737.626944,-2076.414309,732.1498524,367.0910177,\n" +
"220.2,0.001001441,0.000826055,0.0010493,0.00098536,3.61E-05,-0.000449395,5.74E-07,5.54E-05,0,0,0,0,0,0,0,0,\n" +
"220.4,0.00105336,0.000884048,0.001460441,0.001292705,0.000125307,-0.000435022,5.84E-06,5.61E-05,0,0,0,0,0,0,0,0,\n" +
"220.6,0.000890364,0.000761269,0.001577329,0.001495962,0.00010068,-0.000398257,5.71E-06,5.22E-05,0,0,0,0,0,0,0,0,\n" +
"220.8,0.000787765,0.000687826,0.001616961,0.001465798,0.0001626,-0.000373069,-1.47E-05,5.27E-05,0,0,0,0,0,0,0,0,\n" +
"221,0.000815261,0.000682608,0.001389881,0.001252713,6.23E-05,-0.00037977,-4.82E-06,4.47E-05,0,0,0,0,0,0,0,0,\n" +
"221.2,0.000666769,0.000530968,0.001100426,0.000961147,0.000143215,-0.000366282,-1.29E-05,5.72E-05,0,0,0,0,0,0,0,0,\n" +
"221.4,0.000667494,0.000650335,0.000656983,0.000686824,0.000102106,-0.000354538,-4.68E-06,4.94E-05,0,0,0,0,0,0,0,0,\n" +
"221.6,0.000656752,0.0005412,0.000624298,0.000553615,6.41E-05,-0.000379159,-1.15E-06,6.33E-05,0,0,0,0,0,0,0,0,\n" +
"221.8,0.000702433,0.000451765,0.000459408,0.000497328,2.99E-05,-0.000381023,-1.60E-05,5.04E-05,0,0,0,0,0,0,0,0,\n" +
"222,0.000618843,0.000365425,0.000651323,0.000597914,2.22E-05,-0.000371908,-1.88E-05,6.12E-05,0,0,0,0,0,0,0,0,\n" +
"222.2,0.000610742,0.000426095,0.000716095,0.000752159,7.10E-05,-0.00037745,-2.31E-05,5.80E-05,0,0,0,0,0,0,0,0,\n" +
"222.4,0.000619889,0.000499089,0.000943776,0.000881853,4.60E-06,-0.000361571,-2.69E-05,6.50E-05,0,0,0,0,0,0,0,0,\n" +
"222.6,0.00042775,0.000316606,0.000940222,0.000935684,3.95E-05,-0.000355292,-1.40E-05,6.78E-05,0,0,0,0,0,0,0,0,\n" +
"222.8,0.0005203,0.000343489,0.000904264,0.000886173,0.000156952,-0.000321252,-1.82E-05,7.63E-05,0,0,0,0,0,0,0,0,\n" +
"223,0.000427745,0.000283952,0.000781555,0.000734321,-7.52E-05,-0.000336751,-6.61E-06,7.70E-05,0,0,0,0,0,0,0,0,\n" +
"223.2,0.000463039,0.000275251,0.00060898,0.000548132,-2.09E-05,-0.000317628,-3.71E-06,0.000113744,0,0,0,0,0,0,0,0,\n" +
"223.4,0.000476343,0.000248534,0.000508375,0.000434358,0.000118046,-0.000296642,4.80E-05,0.000132413,0,0,0,0,0,0,0,0,\n" +
"223.6,0.000353531,0.000229248,0.000490415,0.000404958,4.86E-05,-0.000281036,0.000112651,0.000215642,0,0,0,0,0,0,0,0,\n" +
"223.8,0.000375364,0.000247006,0.000561803,0.000392261,0.00011541,-0.000252438,0.000215051,0.00032136,0,0,0,0,0,0,0,0,\n" +
"224,0.00027782,0.000237653,0.000496923,0.000453277,9.25E-05,-0.000252681,0.000305922,0.000407812,0,0,0,0,0,0,0,0,\n" +
"224.2,0.000271284,0.0001676,0.000540428,0.000504136,6.26E-05,-0.00024149,0.0003846,0.000483225,0,0,0,0,0,0,0,0,\n" +
"224.4,0.000387305,0.000206965,0.000478351,0.000518778,3.87E-05,-0.000231006,0.000435108,0.000548348,0,0,0,0,0,0,0,0,\n" +
"224.6,0.000261032,0.00018459,0.000704125,0.000510444,2.37E-05,-0.000225274,0.000478172,0.000570359,0,0,0,0,0,0,0,0,\n" +
"224.8,0.000173307,0.00014245,0.000464978,0.000433208,5.21E-05,-0.000206242,0.000483527,0.000587797,0,0,0,0,0,0,0,0,\n" +
"225,0.000163316,0.000139583,0.000347266,0.000336265,4.54E-05,-0.000201143,0.000484901,0.000576562,0,0,0,0,0,0,0,0,\n" +
"225.2,0.000258926,0.00016137,0.000242444,0.000244762,4.59E-05,-0.000178724,0.000454582,0.0005578,0,0,0,0,0,0,0,0,\n" +
"225.4,0.000169205,5.38E-05,0.000264484,0.000273001,2.32E-05,-0.000174501,0.000428139,0.000545169,0,0,0,0,0,0,0,0,\n" +
"225.6,0.000232541,0.000154761,0.000366411,0.000340445,2.32E-05,-0.000159299,0.000397549,0.000519346,0,0,0,0,0,0,0,0,\n" +
"225.8,0.000106281,6.32E-05,0.000376184,0.000310938,-3.85E-05,-0.000148909,0.000377161,0.000500252,0,0,0,0,0,0,0,0,\n" +
"226,0.000215105,0.00015553,0.000524403,0.000327643,4.19E-05,-0.00013166,0.000350958,0.000468587,0,0,0,0,0,0,0,0,\n" +
"226.2,0.00027499,0.000129912,0.000391972,0.000325764,-2.17E-05,-0.000128271,0.000303938,0.000432899,0,0,0,0,0,0,0,0,\n" +
"226.4,0.000277593,8.55E-05,0.000305022,0.000273587,1.82E-05,-0.000114501,0.000285103,0.000397178,0,0,0,0,0,0,0,0,\n" +
"226.6,0.000161682,4.99E-05,0.000402457,0.000229924,-3.94E-05,-9.62E-05,0.000244053,0.000378439,0,0,0,0,0,0,0,0,\n" +
"226.8,8.45E-05,2.22E-05,0.00026081,0.000128971,-2.11E-06,-9.27E-05,0.00020163,0.000345829,0,0,0,0,0,0,0,0,\n" +
"227,0.00029596,8.35E-05,0.000118588,0.000109731,2.82E-05,-6.55E-05,0.000153177,0.000300662,0,0,0,0,0,0,0,0,\n" +
"227.2,0.000231165,6.22E-05,0.000153108,0.000121983,9.00E-05,-4.93E-05,0.000113963,0.000261668,0,0,0,0,0,0,0,0,\n" +
"227.4,0.000192352,2.88E-05,0.00024595,0.000186675,-5.95E-05,-4.70E-05,7.10E-05,0.00022669,0,0,0,0,0,0,0,0,\n" +
"227.6,0.000182209,5.19E-05,0.000232293,0.00021973,-2.66E-05,-3.04E-05,3.50E-05,0.000198012,0,0,0,0,0,0,0,0,\n" +
"227.8,8.84E-05,3.52E-05,0.000345093,0.000220165,3.72E-05,-2.47E-05,2.72E-06,0.000157549,0,0,0,0,0,0,0,0,\n" +
"228,0.000211796,8.38E-05,0.000231826,0.000201696,1.40E-05,-4.30E-06,-4.07E-05,0.000137653,0,0,0,0,0,0,0,0,\n" +
"228.2,0.00019099,9.93E-05,0.000132587,0.000149515,3.19E-05,1.35E-05,-7.39E-05,9.98E-05,0,0,0,0,0,0,0,0,\n" +
"228.4,0.00018365,2.82E-05,0.000246416,8.36E-05,4.81E-05,3.88E-05,-9.34E-05,8.05E-05,0,0,0,0,0,0,0,0,\n" +
"228.6,0.000145319,8.21E-05,0.000161052,0.000101806,1.46E-05,3.68E-05,-0.00011179,6.93E-05,0,0,0,0,0,0,0,0,\n" +
"228.8,9.63E-05,2.71E-05,-2.47E-05,2.37E-05,6.96E-05,5.44E-05,-0.000127057,5.61E-05,0,0,0,0,0,0,0,0,\n" +
"229,0.000180626,1.22E-05,1.25E-05,4.42E-05,-1.21E-05,6.36E-05,-0.000133685,4.91E-05,0,0,0,0,0,0,0,0,\n" +
"229.2,0.000226258,5.62E-05,8.15E-06,4.50E-05,1.31E-05,7.72E-05,-0.000141407,4.24E-05,0,0,0,0,0,0,0,0,\n" +
"229.4,6.42E-05,-9.19E-06,-8.14E-05,3.27E-05,4.73E-05,9.40E-05,-0.000148457,4.70E-05,0,0,0,0,0,0,0,0,\n" +
"229.6,0.000187868,4.09E-05,6.83E-05,6.73E-05,3.42E-05,0.000109864,-0.000164994,2.85E-05,0,0,0,0,0,0,0,0,\n" +
"229.8,0.00014461,5.73E-05,0.00016071,6.58E-05,6.45E-06,0.00012093,-0.000151869,3.86E-05,0,0,0,0,0,0,0,0,\n" +
"230,0.000158989,6.20E-05,0.000137376,9.01E-05,6.49E-05,0.000132377,-0.000173166,3.68E-05,0,0,0,0,0,0,0,0,\n" +
